ReleasePackageName,ReleasePackageVersion,ReleaseNumber,ReleaseARCH,ReleaseSizeBytes,ReleaseSourceRPM
fonts-filesystem,2.0.5,18.el10,noarch,0,fonts-rpm-macros-2.0.5-18.el10.src.rpm
google-noto-fonts-common,20240401,5.el10,noarch,17944,google-noto-fonts-20240401-5.el10.src.rpm
google-noto-sans-vf-fonts,20240401,5.el10,noarch,1308528,google-noto-fonts-20240401-5.el10.src.rpm
xkeyboard-config,2.41,3.el10,noarch,6895827,xkeyboard-config-2.41-3.el10.src.rpm
default-fonts-core-sans,4.1,3.el10,noarch,12145,langpacks-4.1-3.el10.src.rpm
google-noto-sans-mono-vf-fonts,20240401,5.el10,noarch,574696,google-noto-fonts-20240401-5.el10.src.rpm
google-noto-serif-vf-fonts,20240401,5.el10,noarch,1592233,google-noto-fonts-20240401-5.el10.src.rpm
google-noto-sans-devanagari-vf-fonts,20240401,5.el10,noarch,259882,google-noto-fonts-20240401-5.el10.src.rpm
hunspell-filesystem,1.7.2,9.el10,x86_64,0,hunspell-1.7.2-9.el10.src.rpm
google-noto-sans-bengali-vf-fonts,20240401,5.el10,noarch,444884,google-noto-fonts-20240401-5.el10.src.rpm
google-noto-sans-hebrew-vf-fonts,20240401,5.el10,noarch,55730,google-noto-fonts-20240401-5.el10.src.rpm
google-noto-sans-mono-cjk-vf-fonts,2.004,9.el10,noarch,31923208,google-noto-sans-cjk-vf-fonts-2.004-9.el10.src.rpm
mozilla-filesystem,1.9,35.el10,x86_64,0,mozilla-filesystem-1.9-35.el10.src.rpm
mobile-broadband-provider-info,20230416,7.el10,noarch,525004,mobile-broadband-provider-info-20230416-7.el10.src.rpm
foomatic-db-filesystem,4.0,83.20230810.el10,noarch,0,foomatic-db-4.0-83.20230810.el10.src.rpm
appstream-data,10,20250213.1.el10,noarch,1018154,appstream-data-10-20250213.1.el10.src.rpm
adobe-mappings-cmap,20230622,5.el10,noarch,15080934,adobe-mappings-cmap-20230622-5.el10.src.rpm
pcre2-syntax,10.44,1.el10.3,noarch,257634,pcre2-10.44-1.el10.3.src.rpm
adobe-mappings-cmap-deprecated,20230622,5.el10,noarch,596045,adobe-mappings-cmap-20230622-5.el10.src.rpm
google-noto-sans-cjk-vf-fonts,2.004,9.el10,noarch,32698083,google-noto-sans-cjk-vf-fonts-2.004-9.el10.src.rpm
default-fonts-he,4.1,3.el10,noarch,344,langpacks-4.1-3.el10.src.rpm
default-fonts-yi,4.1,3.el10,noarch,346,langpacks-4.1-3.el10.src.rpm
default-fonts-as,4.1,3.el10,noarch,348,langpacks-4.1-3.el10.src.rpm
default-fonts-bn,4.1,3.el10,noarch,346,langpacks-4.1-3.el10.src.rpm
default-fonts-hi,4.1,3.el10,noarch,342,langpacks-4.1-3.el10.src.rpm
default-fonts-mai,4.1,3.el10,noarch,349,langpacks-4.1-3.el10.src.rpm
default-fonts-mr,4.1,3.el10,noarch,346,langpacks-4.1-3.el10.src.rpm
langpacks-fonts-en,4.1,3.el10,noarch,341,langpacks-4.1-3.el10.src.rpm
langpacks-core-en,4.1,3.el10,noarch,398,langpacks-4.1-3.el10.src.rpm
default-fonts-ast,4.1,3.el10,noarch,349,langpacks-4.1-3.el10.src.rpm
default-fonts-be,4.1,3.el10,noarch,352,langpacks-4.1-3.el10.src.rpm
default-fonts-bg,4.1,3.el10,noarch,350,langpacks-4.1-3.el10.src.rpm
default-fonts-br,4.1,3.el10,noarch,344,langpacks-4.1-3.el10.src.rpm
default-fonts-dz,4.1,3.el10,noarch,350,langpacks-4.1-3.el10.src.rpm
default-fonts-el,4.1,3.el10,noarch,342,langpacks-4.1-3.el10.src.rpm
default-fonts-eo,4.1,3.el10,noarch,350,langpacks-4.1-3.el10.src.rpm
default-fonts-eu,4.1,3.el10,noarch,344,langpacks-4.1-3.el10.src.rpm
default-fonts-ia,4.1,3.el10,noarch,354,langpacks-4.1-3.el10.src.rpm
default-fonts-ku,4.1,3.el10,noarch,346,langpacks-4.1-3.el10.src.rpm
default-fonts-nb,4.1,3.el10,noarch,366,langpacks-4.1-3.el10.src.rpm
default-fonts-nn,4.1,3.el10,noarch,346,langpacks-4.1-3.el10.src.rpm
default-fonts-nr,4.1,3.el10,noarch,364,langpacks-4.1-3.el10.src.rpm
default-fonts-nso,4.1,3.el10,noarch,361,langpacks-4.1-3.el10.src.rpm
default-fonts-ru,4.1,3.el10,noarch,346,langpacks-4.1-3.el10.src.rpm
default-fonts-ss,4.1,3.el10,noarch,342,langpacks-4.1-3.el10.src.rpm
default-fonts-tn,4.1,3.el10,noarch,344,langpacks-4.1-3.el10.src.rpm
default-fonts-ts,4.1,3.el10,noarch,344,langpacks-4.1-3.el10.src.rpm
default-fonts-uk,4.1,3.el10,noarch,350,langpacks-4.1-3.el10.src.rpm
default-fonts-ve,4.1,3.el10,noarch,342,langpacks-4.1-3.el10.src.rpm
default-fonts-vi,4.1,3.el10,noarch,352,langpacks-4.1-3.el10.src.rpm
default-fonts-xh,4.1,3.el10,noarch,342,langpacks-4.1-3.el10.src.rpm
default-fonts-zu,4.1,3.el10,noarch,340,langpacks-4.1-3.el10.src.rpm
google-droid-sans-fonts,20200215,22.el10,noarch,6554991,google-droid-fonts-20200215-22.el10.src.rpm
google-noto-naskh-arabic-vf-fonts,20240401,5.el10,noarch,253494,google-noto-fonts-20240401-5.el10.src.rpm
google-noto-sans-arabic-vf-fonts,20240401,5.el10,noarch,236500,google-noto-fonts-20240401-5.el10.src.rpm
default-fonts-ar,4.1,3.el10,noarch,344,langpacks-4.1-3.el10.src.rpm
google-noto-sans-armenian-vf-fonts,20240401,5.el10,noarch,34527,google-noto-fonts-20240401-5.el10.src.rpm
default-fonts-hy,4.1,3.el10,noarch,348,langpacks-4.1-3.el10.src.rpm
google-noto-sans-canadian-aboriginal-vf-fonts,20240401,5.el10,noarch,160048,google-noto-fonts-20240401-5.el10.src.rpm
default-fonts-iu,4.1,3.el10,noarch,350,langpacks-4.1-3.el10.src.rpm
google-noto-sans-cherokee-vf-fonts,20240401,5.el10,noarch,136249,google-noto-fonts-20240401-5.el10.src.rpm
default-fonts-chr,4.1,3.el10,noarch,349,langpacks-4.1-3.el10.src.rpm
google-noto-sans-ethiopic-vf-fonts,20240401,5.el10,noarch,518427,google-noto-fonts-20240401-5.el10.src.rpm
default-fonts-am,4.1,3.el10,noarch,346,langpacks-4.1-3.el10.src.rpm
google-noto-sans-georgian-vf-fonts,20240401,5.el10,noarch,58495,google-noto-fonts-20240401-5.el10.src.rpm
default-fonts-ka,4.1,3.el10,noarch,348,langpacks-4.1-3.el10.src.rpm
google-noto-sans-gujarati-vf-fonts,20240401,5.el10,noarch,202272,google-noto-fonts-20240401-5.el10.src.rpm
default-fonts-gu,4.1,3.el10,noarch,348,langpacks-4.1-3.el10.src.rpm
google-noto-sans-gurmukhi-vf-fonts,20240401,5.el10,noarch,49636,google-noto-fonts-20240401-5.el10.src.rpm
default-fonts-pa,4.1,3.el10,noarch,346,langpacks-4.1-3.el10.src.rpm
google-noto-sans-kannada-vf-fonts,20240401,5.el10,noarch,177307,google-noto-fonts-20240401-5.el10.src.rpm
default-fonts-kn,4.1,3.el10,noarch,346,langpacks-4.1-3.el10.src.rpm
google-noto-sans-khmer-vf-fonts,20240401,5.el10,noarch,121154,google-noto-fonts-20240401-5.el10.src.rpm
default-fonts-km,4.1,3.el10,noarch,342,langpacks-4.1-3.el10.src.rpm
google-noto-sans-lao-vf-fonts,20240401,5.el10,noarch,35648,google-noto-fonts-20240401-5.el10.src.rpm
default-fonts-lo,4.1,3.el10,noarch,338,langpacks-4.1-3.el10.src.rpm
google-noto-sans-math-fonts,20240401,5.el10,noarch,967910,google-noto-fonts-20240401-5.el10.src.rpm
google-noto-sans-meetei-mayek-vf-fonts,20240401,5.el10,noarch,30513,google-noto-fonts-20240401-5.el10.src.rpm
default-fonts-mni,4.1,3.el10,noarch,349,langpacks-4.1-3.el10.src.rpm
google-noto-sans-ol-chiki-vf-fonts,20240401,5.el10,noarch,26981,google-noto-fonts-20240401-5.el10.src.rpm
default-fonts-sat,4.1,3.el10,noarch,347,langpacks-4.1-3.el10.src.rpm
google-noto-sans-oriya-vf-fonts,20240401,5.el10,noarch,204004,google-noto-fonts-20240401-5.el10.src.rpm
default-fonts-or,4.1,3.el10,noarch,342,langpacks-4.1-3.el10.src.rpm
google-noto-sans-sinhala-vf-fonts,20240401,5.el10,noarch,363538,google-noto-fonts-20240401-5.el10.src.rpm
default-fonts-si,4.1,3.el10,noarch,346,langpacks-4.1-3.el10.src.rpm
google-noto-sans-symbols-2-fonts,20240401,5.el10,noarch,673014,google-noto-fonts-20240401-5.el10.src.rpm
google-noto-sans-symbols-vf-fonts,20240401,5.el10,noarch,241790,google-noto-fonts-20240401-5.el10.src.rpm
google-noto-sans-tamil-vf-fonts,20240401,5.el10,noarch,80238,google-noto-fonts-20240401-5.el10.src.rpm
default-fonts-ta,4.1,3.el10,noarch,342,langpacks-4.1-3.el10.src.rpm
google-noto-sans-telugu-vf-fonts,20240401,5.el10,noarch,235180,google-noto-fonts-20240401-5.el10.src.rpm
default-fonts-te,4.1,3.el10,noarch,344,langpacks-4.1-3.el10.src.rpm
google-noto-sans-thaana-vf-fonts,20240401,5.el10,noarch,30313,google-noto-fonts-20240401-5.el10.src.rpm
default-fonts-dv,4.1,3.el10,noarch,344,langpacks-4.1-3.el10.src.rpm
google-noto-sans-thai-vf-fonts,20240401,5.el10,noarch,33595,google-noto-fonts-20240401-5.el10.src.rpm
default-fonts-th,4.1,3.el10,noarch,340,langpacks-4.1-3.el10.src.rpm
google-noto-serif-armenian-vf-fonts,20240401,5.el10,noarch,34596,google-noto-fonts-20240401-5.el10.src.rpm
google-noto-serif-bengali-vf-fonts,20240401,5.el10,noarch,714278,google-noto-fonts-20240401-5.el10.src.rpm
google-noto-serif-devanagari-vf-fonts,20240401,5.el10,noarch,276536,google-noto-fonts-20240401-5.el10.src.rpm
google-noto-serif-ethiopic-vf-fonts,20240401,5.el10,noarch,431976,google-noto-fonts-20240401-5.el10.src.rpm
google-noto-serif-georgian-vf-fonts,20240401,5.el10,noarch,77368,google-noto-fonts-20240401-5.el10.src.rpm
google-noto-serif-gujarati-vf-fonts,20240401,5.el10,noarch,174368,google-noto-fonts-20240401-5.el10.src.rpm
google-noto-serif-gurmukhi-vf-fonts,20240401,5.el10,noarch,55308,google-noto-fonts-20240401-5.el10.src.rpm
google-noto-serif-hebrew-vf-fonts,20240401,5.el10,noarch,74421,google-noto-fonts-20240401-5.el10.src.rpm
google-noto-serif-kannada-vf-fonts,20240401,5.el10,noarch,237914,google-noto-fonts-20240401-5.el10.src.rpm
google-noto-serif-khmer-vf-fonts,20240401,5.el10,noarch,172039,google-noto-fonts-20240401-5.el10.src.rpm
google-noto-serif-lao-vf-fonts,20240401,5.el10,noarch,45633,google-noto-fonts-20240401-5.el10.src.rpm
google-noto-serif-oriya-vf-fonts,20240401,5.el10,noarch,193563,google-noto-fonts-20240401-5.el10.src.rpm
google-noto-serif-sinhala-vf-fonts,20240401,5.el10,noarch,349797,google-noto-fonts-20240401-5.el10.src.rpm
google-noto-serif-tamil-vf-fonts,20240401,5.el10,noarch,180500,google-noto-fonts-20240401-5.el10.src.rpm
google-noto-serif-telugu-vf-fonts,20240401,5.el10,noarch,336870,google-noto-fonts-20240401-5.el10.src.rpm
google-noto-serif-thai-vf-fonts,20240401,5.el10,noarch,43220,google-noto-fonts-20240401-5.el10.src.rpm
dejavu-sans-mono-fonts,2.37,25.el10,noarch,1283590,dejavu-fonts-2.37-25.el10.src.rpm
google-noto-color-emoji-fonts,20231130,3.el10,noarch,10613187,google-noto-emoji-fonts-20231130-3.el10.src.rpm
google-noto-serif-cjk-vf-fonts,2.002,6.el10,noarch,56835733,google-noto-serif-cjk-vf-fonts-2.002-6.el10.src.rpm
jomolhari-fonts,0.003,43.el10,noarch,2298018,jomolhari-fonts-0.003-43.el10.src.rpm
default-fonts-bo,4.1,3.el10,noarch,346,langpacks-4.1-3.el10.src.rpm
liberation-fonts-common,2.1.5,11.el10,noarch,12495,liberation-fonts-2.1.5-11.el10.src.rpm
liberation-mono-fonts,2.1.5,11.el10,noarch,1205335,liberation-fonts-2.1.5-11.el10.src.rpm
madan-fonts,2.000,40.el10,noarch,252404,madan-fonts-2.000-40.el10.src.rpm
default-fonts-ne,4.1,3.el10,noarch,344,langpacks-4.1-3.el10.src.rpm
paktype-naskh-basic-fonts,6.0,14.el10,noarch,474932,paktype-naskh-basic-fonts-6.0-14.el10.src.rpm
default-fonts-ur,4.1,3.el10,noarch,340,langpacks-4.1-3.el10.src.rpm
rit-meera-new-fonts,1.5.2,6.el10,noarch,188888,rit-meera-new-fonts-1.5.2-6.el10.src.rpm
default-fonts-ml,4.1,3.el10,noarch,350,langpacks-4.1-3.el10.src.rpm
rit-rachana-fonts,1.4.7,5.el10,noarch,1498950,rit-rachana-fonts-1.4.7-5.el10.src.rpm
sil-padauk-fonts,3.003,17.el10,noarch,1647361,sil-padauk-fonts-3.003-17.el10.src.rpm
default-fonts-my,4.1,3.el10,noarch,346,langpacks-4.1-3.el10.src.rpm
stix-fonts,2.13b171,8.el10,noarch,3383607,stix-fonts-2.13b171-8.el10.src.rpm
vazirmatn-vf-fonts,33.003,10.el10,noarch,292503,vazirmatn-fonts-33.003-10.el10.src.rpm
default-fonts-fa,4.1,3.el10,noarch,346,langpacks-4.1-3.el10.src.rpm
yelp-xsl,42.1,7.el10,noarch,1444364,yelp-xsl-42.1-7.el10.src.rpm
rocky-indexhtml,10.0,1.el10,noarch,534151,rocky-indexhtml-10.0-1.el10.src.rpm
poppler-data,0.4.11,9.el10,noarch,12947088,poppler-data-0.4.11-9.el10.src.rpm
liblouis-tables,3.28.0,7.el10,noarch,12135186,liblouis-3.28.0-7.el10.src.rpm
libX11-common,1.8.10,1.el10,noarch,1205206,libX11-1.8.10-1.el10.src.rpm
gawk-all-langpacks,5.3.0,6.el10,x86_64,1746912,gawk-5.3.0-6.el10.src.rpm
catatonit,0.2.1,1.el10,x86_64,704781,catatonit-0.2.1-1.el10.src.rpm
adwaita-cursor-theme,46.0,3.el10,noarch,10513057,adwaita-icon-theme-46.0-3.el10.src.rpm
adobe-mappings-pdf,20190401,9.el10,noarch,4600301,adobe-mappings-pdf-20190401-9.el10.src.rpm
urw-base35-fonts-common,20200910,21.el10,noarch,38280,urw-base35-fonts-20200910-21.el10.src.rpm
basesystem,11,22.el10,noarch,0,basesystem-11-22.el10.src.rpm
publicsuffix-list-dafsa,20240107,5.el10,noarch,69171,publicsuffix-list-20240107-5.el10.src.rpm
pkgconf-m4,2.1.0,3.el10,noarch,14252,pkgconf-2.1.0-3.el10.src.rpm
bash,5.2.26,6.el10,x86_64,8542584,bash-5.2.26-6.el10.src.rpm
popt,1.19,8.el10,x86_64,140130,popt-1.19-8.el10.src.rpm
libzstd,1.5.5,9.el10,x86_64,749302,zstd-1.5.5-9.el10.src.rpm
xz-libs,5.6.2,4.el10_0,x86_64,219435,xz-5.6.2-4.el10_0.src.rpm
libjpeg-turbo,3.0.2,4.el10,x86_64,869267,libjpeg-turbo-3.0.2-4.el10.src.rpm
pcre2,10.44,1.el10.3,x86_64,681418,pcre2-10.44-1.el10.3.src.rpm
bzip2-libs,1.0.8,25.el10,x86_64,81060,bzip2-1.0.8-25.el10.src.rpm
libxcrypt,4.4.36,10.el10,x86_64,273229,libxcrypt-4.4.36-10.el10.src.rpm
readline,8.2,11.el10,x86_64,500877,readline-8.2-11.el10.src.rpm
grep,3.11,10.el10,x86_64,1038114,grep-3.11-10.el10.src.rpm
keyutils-libs,1.6.3,5.el10,x86_64,55667,keyutils-1.6.3-5.el10.src.rpm
libcap-ng,0.8.4,6.el10,x86_64,74899,libcap-ng-0.8.4-6.el10.src.rpm
libicu,74.2,5.el10_0,x86_64,36659431,icu-74.2-5.el10_0.src.rpm
libunistring,1.1,10.el10,x86_64,1812853,libunistring-1.1-10.el10.src.rpm
alternatives,1.30,2.el10,x86_64,67913,chkconfig-1.30-2.el10.src.rpm
lcms2,2.16,6.el10,x86_64,434995,lcms2-2.16-6.el10.src.rpm
libxkbcommon,1.7.0,4.el10,x86_64,348498,libxkbcommon-1.7.0-4.el10.src.rpm
jansson,2.14,3.el10,x86_64,91245,jansson-2.14-3.el10.src.rpm
libgpg-error,1.50,2.el10,x86_64,906764,libgpg-error-1.50-2.el10.src.rpm
fribidi,1.0.14,4.el10,x86_64,376402,fribidi-1.0.14-4.el10.src.rpm
hicolor-icon-theme,0.17,20.el10,noarch,73932,hicolor-icon-theme-0.17-20.el10.src.rpm
fuse3-libs,3.16.2,5.el10,x86_64,292332,fuse3-3.16.2-5.el10.src.rpm
json-c,0.18,3.el10,x86_64,84530,json-c-0.18-3.el10.src.rpm
libX11-xcb,1.8.10,1.el10,x86_64,15276,libX11-1.8.10-1.el10.src.rpm
libidn2,2.3.7,3.el10,x86_64,336954,libidn2-2.3.7-3.el10.src.rpm
libmnl,1.0.5,7.el10,x86_64,56475,libmnl-1.0.5-7.el10.src.rpm
libattr,2.5.2,5.el10,x86_64,29173,attr-2.5.2-5.el10.src.rpm
libbasicobjects,0.1.1,58.el10,x86_64,58548,ding-libs-0.6.2-58.el10.src.rpm
libcollection,0.7.0,58.el10,x86_64,100992,ding-libs-0.6.2-58.el10.src.rpm
libdhash,0.5.0,58.el10,x86_64,62878,ding-libs-0.6.2-58.el10.src.rpm
libref_array,0.1.5,58.el10,x86_64,58662,ding-libs-0.6.2-58.el10.src.rpm
libassuan,2.5.6,6.el10,x86_64,171462,libassuan-2.5.6-6.el10.src.rpm
libnl3,3.11.0,1.el10,x86_64,1085047,libnl3-3.11.0-1.el10.src.rpm
libXau,1.0.11,8.el10,x86_64,68483,libXau-1.0.11-8.el10.src.rpm
libxcb,1.17.0,3.el10,x86_64,1162650,libxcb-1.17.0-3.el10.src.rpm
libX11,1.8.10,1.el10,x86_64,1350964,libX11-1.8.10-1.el10.src.rpm
libXext,1.3.6,3.el10,x86_64,96253,libXext-1.3.6-3.el10.src.rpm
libXfixes,6.0.1,5.el10,x86_64,35062,libXfixes-6.0.1-5.el10.src.rpm
libXi,1.8.1,7.el10,x86_64,82645,libXi-1.8.1-7.el10.src.rpm
libXrender,0.9.11,8.el10,x86_64,51311,libXrender-0.9.11-8.el10.src.rpm
libXrandr,1.5.4,5.el10,x86_64,53092,libXrandr-1.5.4-5.el10.src.rpm
libXtst,1.2.4,8.el10,x86_64,38448,libXtst-1.2.4-8.el10.src.rpm
libXdamage,1.1.6,5.el10,x86_64,44761,libXdamage-1.1.6-5.el10.src.rpm
libXinerama,1.1.5,8.el10,x86_64,19485,libXinerama-1.1.5-8.el10.src.rpm
libepoxy,1.5.10,9.el10,x86_64,1198660,libepoxy-1.5.10-9.el10.src.rpm
libogg,1.3.5,10.el10,x86_64,50601,libogg-1.3.5-10.el10.src.rpm
opus,1.4,6.el10,x86_64,392590,opus-1.4-6.el10.src.rpm
libvorbis,1.3.7,12.el10,x86_64,853573,libvorbis-1.3.7-12.el10.src.rpm
libsigc++30,3.6.0,5.el10,x86_64,91551,libsigc++30-3.6.0-5.el10.src.rpm
libedit,3.1,52.20230828cvs.el10,x86_64,249718,libedit-3.1-52.20230828cvs.el10.src.rpm
findutils,4.10.0,5.el10,x86_64,1942967,findutils-4.10.0-5.el10.src.rpm
lua-libs,5.4.6,7.el10,x86_64,283675,lua-5.4.6-7.el10.src.rpm
lz4-libs,1.9.4,8.el10,x86_64,140659,lz4-1.9.4-8.el10.src.rpm
libxshmfence,1.3.2,5.el10,x86_64,15712,libxshmfence-1.3.2-5.el10.src.rpm
libXcursor,1.2.1,9.el10,x86_64,54736,libXcursor-1.2.1-9.el10.src.rpm
libXcomposite,0.4.6,5.el10,x86_64,45602,libXcomposite-0.4.6-5.el10.src.rpm
gawk,5.3.0,6.el10,x86_64,1799405,gawk-5.3.0-6.el10.src.rpm
hunspell-en-GB,0.20201207,11.el10,noarch,556242,hunspell-en-0.20201207-11.el10.src.rpm
hunspell-en-US,0.20201207,11.el10,noarch,570772,hunspell-en-0.20201207-11.el10.src.rpm
hunspell,1.7.2,9.el10,x86_64,1417877,hunspell-1.7.2-9.el10.src.rpm
libaio,0.3.111,22.el10,x86_64,57853,libaio-0.3.111-22.el10.src.rpm
libeconf,0.6.2,4.el10,x86_64,59376,libeconf-0.6.2-4.el10.src.rpm
dbus-libs,1.14.10,5.el10,x86_64,381803,dbus-1.14.10-5.el10.src.rpm
libgudev,238,7.el10,x86_64,89967,libgudev-238-7.el10.src.rpm
json-glib,1.8.0,5.el10,x86_64,574884,json-glib-1.8.0-5.el10.src.rpm
graphene,1.10.6,10.el10,x86_64,166443,graphene-1.10.6-10.el10.src.rpm
gcr-libs,4.3.0,1.el10,x86_64,1791021,gcr-4.3.0-1.el10.src.rpm
gobject-introspection,1.79.1,6.el10,x86_64,329019,gobject-introspection-1.79.1-6.el10.src.rpm
shared-mime-info,2.3,8.el10,x86_64,5418933,shared-mime-info-2.3-8.el10.src.rpm
ModemManager-glib,1.22.0,7.el10,x86_64,1493302,ModemManager-1.22.0-7.el10.src.rpm
libgusb,0.4.9,4.el10,x86_64,170095,libgusb-0.4.9-4.el10.src.rpm
colord-libs,1.4.7,6.el10,x86_64,843312,colord-1.4.7-6.el10.src.rpm
libyaml,0.2.5,16.el10,x86_64,137595,libyaml-0.2.5-16.el10.src.rpm
protobuf-c,1.5.0,6.el10,x86_64,55280,protobuf-c-1.5.0-6.el10.src.rpm
fdk-aac-free,2.0.0,15.el10,x86_64,621736,fdk-aac-free-2.0.0-15.el10.src.rpm
libdvdread,6.1.3,9.el10,x86_64,164022,libdvdread-6.1.3-9.el10.src.rpm
orc,0.4.39,2.el10,x86_64,794363,orc-0.4.39-2.el10.src.rpm
pixman,0.43.4,2.el10,x86_64,694319,pixman-0.43.4-2.el10.src.rpm
libqrtr-glib,1.2.2,7.el10,x86_64,79023,libqrtr-glib-1.2.2-7.el10.src.rpm
glibmm2.68,2.78.1,5.el10,x86_64,3363570,glibmm2.68-2.78.1-5.el10.src.rpm
bubblewrap,0.10.0,3.el10,x86_64,137263,bubblewrap-0.10.0-3.el10.src.rpm
libxkbfile,1.1.3,3.el10,x86_64,206799,libxkbfile-1.1.3-3.el10.src.rpm
libpsl,0.21.5,6.el10,x86_64,82456,libpsl-0.21.5-6.el10.src.rpm
libical,3.0.18,3.el10,x86_64,1737666,libical-3.0.18-3.el10.src.rpm
xml-common,0.6.3,65.el10,noarch,80280,sgml-common-0.6.3-65.el10.src.rpm
iso-codes,4.16.0,6.el10,noarch,19758350,iso-codes-4.16.0-6.el10.src.rpm
dbus-common,1.14.10,5.el10,noarch,11504,dbus-1.14.10-5.el10.src.rpm
lmdb-libs,0.9.32,4.el10,x86_64,107862,lmdb-0.9.32-4.el10.src.rpm
userspace-rcu,0.14.0,7.el10,x86_64,415848,userspace-rcu-0.14.0-7.el10.src.rpm
gsm,1.0.22,8.el10,x86_64,70400,gsm-1.0.22-8.el10.src.rpm
lame-libs,3.100,19.el10,x86_64,1246583,lame-3.100-19.el10.src.rpm
libICE,1.1.1,5.el10,x86_64,185549,libICE-1.1.1-5.el10.src.rpm
libevdev,1.13.1,6.el10,x86_64,88155,libevdev-1.13.1-6.el10.src.rpm
libglvnd,1.7.0,7.el10,x86_64,542982,libglvnd-1.7.0-7.el10.src.rpm
libieee1284,0.2.11,46.el10,x86_64,88135,libieee1284-0.2.11-46.el10.src.rpm
libSM,1.2.4,5.el10,x86_64,99596,libSM-1.2.4-5.el10.src.rpm
libical-glib,3.0.18,3.el10,x86_64,1829146,libical-3.0.18-3.el10.src.rpm
pinentry,1.3.1,1.el10,x86_64,268296,pinentry-1.3.1-1.el10.src.rpm
gcr3-base,3.41.1,10.el10,x86_64,814202,gcr3-3.41.1-10.el10.src.rpm
libgtop2,2.41.2,5.el10,x86_64,513681,libgtop2-2.41.2-5.el10.src.rpm
dbus-tools,1.14.10,5.el10,x86_64,130177,dbus-1.14.10-5.el10.src.rpm
xmlsec1,1.2.39,3.el10,x86_64,593214,xmlsec1-1.2.39-3.el10.src.rpm
flac-libs,1.4.3,6.el10,x86_64,682207,flac-1.4.3-6.el10.src.rpm
libtheora,1.1.1,39.el10,x86_64,493126,libtheora-1.1.1-39.el10.src.rpm
gettext-libs,0.22.5,6.el10,x86_64,1759458,gettext-0.22.5-6.el10.src.rpm
attr,2.5.2,5.el10,x86_64,177162,attr-2.5.2-5.el10.src.rpm
libksba,1.6.7,2.el10,x86_64,403876,libksba-1.6.7-2.el10.src.rpm
groff-base,1.23.0,10.el10,x86_64,4034790,groff-1.23.0-10.el10.src.rpm
exempi,2.6.4,7.el10,x86_64,1474501,exempi-2.6.4-7.el10.src.rpm
webrtc-audio-processing,1.3,5.el10,x86_64,1406144,webrtc-audio-processing-1.3-5.el10.src.rpm
adwaita-icon-theme,46.0,3.el10,noarch,1240223,adwaita-icon-theme-46.0-3.el10.src.rpm
cpio,2.15,3.el10,x86_64,1146576,cpio-2.15-3.el10.src.rpm
diffutils,3.10,8.el10,x86_64,1657994,diffutils-3.10-8.el10.src.rpm
duktape,2.7.0,10.el10,x86_64,630984,duktape-2.7.0-10.el10.src.rpm
efivar-libs,39,3.el10,x86_64,389098,efivar-39-3.el10.src.rpm
inih,58,3.el10,x86_64,27082,inih-58-3.el10.src.rpm
libpath_utils,0.2.1,58.el10,x86_64,62880,ding-libs-0.6.2-58.el10.src.rpm
libini_config,1.3.1,58.el10,x86_64,163216,ding-libs-0.6.2-58.el10.src.rpm
libpciaccess,0.16,16.el10,x86_64,45627,libpciaccess-0.16-16.el10.src.rpm
libglvnd-egl,1.7.0,7.el10,x86_64,70404,libglvnd-1.7.0-7.el10.src.rpm
libglvnd-gles,1.7.0,7.el10,x86_64,108666,libglvnd-1.7.0-7.el10.src.rpm
libtraceevent,1.8.4,3.el10,x86_64,1521051,libtraceevent-1.8.4-3.el10.src.rpm
npth,1.6,21.el10,x86_64,50739,npth-1.6-21.el10.src.rpm
slang,2.3.3,8.el10,x86_64,1409122,slang-2.3.3-8.el10.src.rpm
dotconf,1.3,37.el10,x86_64,59596,dotconf-1.3-37.el10.src.rpm
gutenprint-libs,5.3.4,18.el10,x86_64,419938,gutenprint-5.3.4-18.el10.src.rpm
jbig2dec-libs,0.20,7.el10,x86_64,168984,jbig2dec-0.20-7.el10.src.rpm
mpg123-libs,1.32.9,1.el10,x86_64,816088,mpg123-1.32.9-1.el10.src.rpm
speex,1.2.0,19.el10,x86_64,119372,speex-1.2.0-19.el10.src.rpm
newt,0.52.24,5.el10,x86_64,223080,newt-0.52.24-5.el10.src.rpm
inih-cpp,58,3.el10,x86_64,28711,inih-58-3.el10.src.rpm
libgexiv2,0.14.3,3.el10,x86_64,293442,libgexiv2-0.14.3-3.el10.src.rpm
dbus-daemon,1.14.10,5.el10,x86_64,566350,dbus-1.14.10-5.el10.src.rpm
pinentry-gnome3,1.3.1,1.el10,x86_64,91115,pinentry-1.3.1-1.el10.src.rpm
dbus,1.14.10,5.el10,x86_64,0,dbus-1.14.10-5.el10.src.rpm
PackageKit-glib,1.2.8,8.el10,x86_64,541024,PackageKit-1.2.8-8.el10.src.rpm
xdg-dbus-proxy,0.1.5,4.el10,x86_64,91225,xdg-dbus-proxy-0.1.5-4.el10.src.rpm
xkbcomp,1.4.7,3.el10,x86_64,222534,xkbcomp-1.4.7-3.el10.src.rpm
libdvdnav,6.1.1,10.el10,x86_64,122940,libdvdnav-6.1.1-10.el10.src.rpm
libgsf,1.14.53,2.el10,x86_64,986452,libgsf-1.14.53-2.el10.src.rpm
gnome-menus,3.36.0,16.el10,x86_64,648334,gnome-menus-3.36.0-16.el10.src.rpm
libgee,0.20.6,8.el10,x86_64,983831,libgee-0.20.6-8.el10.src.rpm
low-memory-monitor,2.1,12.el10,x86_64,71774,low-memory-monitor-2.1-12.el10.src.rpm
qpdf-libs,11.8.0,5.el10,x86_64,2882262,qpdf-11.8.0-5.el10.src.rpm
libatasmart,0.19,30.el10,x86_64,121351,libatasmart-0.19-30.el10.src.rpm
libutempter,1.2.1,15.el10,x86_64,59089,libutempter-1.2.1-15.el10.src.rpm
hunspell-en,0.20201207,11.el10,noarch,1128580,hunspell-en-0.20201207-11.el10.src.rpm
libbytesize,2.10,5.el10,x86_64,91845,libbytesize-2.10-5.el10.src.rpm
libmpc,1.3.1,7.el10,x86_64,164516,libmpc-1.3.1-7.el10.src.rpm
libXres,1.2.2,5.el10,x86_64,21362,libXres-1.2.2-5.el10.src.rpm
libXv,1.0.12,5.el10,x86_64,26705,libXv-1.0.12-5.el10.src.rpm
libXxf86vm,1.1.5,8.el10,x86_64,25939,libXxf86vm-1.1.5-8.el10.src.rpm
libglvnd-glx,1.7.0,7.el10,x86_64,615814,libglvnd-1.7.0-7.el10.src.rpm
libva,2.22.0,2.el10,x86_64,358144,libva-2.22.0-2.el10.src.rpm
libXpm,3.5.17,5.el10,x86_64,152003,libXpm-3.5.17-5.el10.src.rpm
xprop,1.2.7,3.el10,x86_64,56121,xprop-1.2.7-3.el10.src.rpm
libxkbcommon-x11,1.7.0,4.el10,x86_64,40536,libxkbcommon-1.7.0-4.el10.src.rpm
xcb-util,0.4.1,7.el10,x86_64,31077,xcb-util-0.4.1-7.el10.src.rpm
startup-notification,0.12,31.el10,x86_64,100510,startup-notification-0.12-31.el10.src.rpm
libpcap,1.10.4,7.el10,x86_64,411554,libpcap-1.10.4-7.el10.src.rpm
keyutils,1.6.3,5.el10,x86_64,159604,keyutils-1.6.3-5.el10.src.rpm
libcomps,0.1.21,3.el10,x86_64,210319,libcomps-0.1.21-3.el10.src.rpm
xz,5.6.2,4.el10_0,x86_64,1244800,xz-5.6.2-4.el10_0.src.rpm
editorconfig-libs,0.12.9,3.el10,x86_64,39346,editorconfig-0.12.9-3.el10.src.rpm
graphite2,1.3.14,17.el10,x86_64,200679,graphite2-1.3.14-17.el10.src.rpm
freetype,2.13.2,8.el10,x86_64,870983,freetype-2.13.2-8.el10.src.rpm
harfbuzz,8.4.0,6.el10,x86_64,2724924,harfbuzz-8.4.0-6.el10.src.rpm
libconfig,1.7.3,10.el10,x86_64,226707,libconfig-1.7.3-10.el10.src.rpm
snappy,1.1.10,7.el10,x86_64,68613,snappy-1.1.10-7.el10.src.rpm
libcdio,2.1.0,15.el10,x86_64,635912,libcdio-2.1.0-15.el10.src.rpm
liblerc,4.0.0,8.el10,x86_64,630269,liblerc-4.0.0-8.el10.src.rpm
soundtouch,2.3.1,8.el10,x86_64,246474,soundtouch-2.3.1-8.el10.src.rpm
pigz,2.8,7.el10,x86_64,166254,pigz-2.8-7.el10.src.rpm
libfontenc,1.1.7,5.el10,x86_64,66518,libfontenc-1.1.7-5.el10.src.rpm
hostname,3.23,14.el10,x86_64,50752,hostname-3.23-14.el10.src.rpm
less,661,3.el10,x86_64,410901,less-661-3.el10.src.rpm
mtools,4.0.43,7.el10,x86_64,360238,mtools-4.0.43-7.el10.src.rpm
psmisc,23.6,8.el10,x86_64,816277,psmisc-23.6-8.el10.src.rpm
memstrack,0.2.5,6.el10,x86_64,122996,memstrack-0.2.5-6.el10.src.rpm
dosfstools,4.2,12.el10,x86_64,433415,dosfstools-4.2-12.el10.src.rpm
fuse-libs,2.9.9,25.el10,x86_64,312294,fuse-2.9.9-25.el10.src.rpm
gettext-envsubst,0.22.5,6.el10,x86_64,80794,gettext-0.22.5-6.el10.src.rpm
gettext-runtime,0.22.5,6.el10,x86_64,492833,gettext-0.22.5-6.el10.src.rpm
gettext,0.22.5,6.el10,x86_64,5454625,gettext-0.22.5-6.el10.src.rpm
hdparm,9.65,6.el10,x86_64,193428,hdparm-9.65-6.el10.src.rpm
libdex,0.8.1,1.el10,x86_64,226589,libdex-0.8.1-1.el10.src.rpm
libcbor,0.11.0,3.el10,x86_64,75663,libcbor-0.11.0-3.el10.src.rpm
libdaemon,0.14,31.el10,x86_64,69943,libdaemon-0.14-31.el10.src.rpm
libndp,1.9,2.el10,x86_64,92345,libndp-1.9-2.el10.src.rpm
libnfnetlink,1.0.2,3.el10,x86_64,55515,libnfnetlink-1.0.2-3.el10.src.rpm
libnetfilter_conntrack,1.0.9,12.el10,x86_64,138738,libnetfilter_conntrack-1.0.9-12.el10.src.rpm
libpipeline,1.5.7,7.el10,x86_64,127275,libpipeline-1.5.7-7.el10.src.rpm
libpkgconf,2.1.0,3.el10,x86_64,80073,pkgconf-2.1.0-3.el10.src.rpm
pkgconf,2.1.0,3.el10,x86_64,84378,pkgconf-2.1.0-3.el10.src.rpm
pkgconf-pkg-config,2.1.0,3.el10,x86_64,989,pkgconf-2.1.0-3.el10.src.rpm
mallard-rng,1.1.0,14.el10,noarch,155356,mallard-rng-1.1.0-14.el10.src.rpm
libverto,0.3.2,10.el10,x86_64,30157,libverto-0.3.2-10.el10.src.rpm
lzo,2.10,14.el10,x86_64,166763,lzo-2.10-14.el10.src.rpm
mpdecimal,2.5.1,12.el10,x86_64,205695,mpdecimal-2.5.1-12.el10.src.rpm
nettle,3.10.1,1.el10,x86_64,1165799,nettle-3.10.1-1.el10.src.rpm
oniguruma,6.9.9,7.el10,x86_64,768791,oniguruma-6.9.9-7.el10.src.rpm
pcsc-lite-libs,2.2.3,2.el10,x86_64,65565,pcsc-lite-2.2.3-2.el10.src.rpm
fstrm,0.6.1,12.el10,x86_64,55924,fstrm-0.6.1-12.el10.src.rpm
jbigkit-libs,2.1,31.el10,x86_64,120383,jbigkit-2.1-31.el10.src.rpm
libXdmcp,1.1.4,5.el10,x86_64,80179,libXdmcp-1.1.4-5.el10.src.rpm
liba52,0.7.4,50.el10,x86_64,88027,a52dec-0.7.4-50.el10.src.rpm
libasyncns,0.8,30.el10,x86_64,60806,libasyncns-0.8-30.el10.src.rpm
pulseaudio-libs,17.0,6.el10,x86_64,3579861,pulseaudio-17.0-6.el10.src.rpm
pulseaudio-libs-glib2,17.0,6.el10,x86_64,20148,pulseaudio-17.0-6.el10.src.rpm
libao,1.2.0,29.el10,x86_64,131415,libao-1.2.0-29.el10.src.rpm
pcaudiolib,1.1,20.el10,x86_64,62219,pcaudiolib-1.1-20.el10.src.rpm
espeak-ng,1.51.1,10.el10,x86_64,12718686,espeak-ng-1.51.1-10.el10.src.rpm
libdatrie,0.2.13,11.el10,x86_64,59289,libdatrie-0.2.13-11.el10.src.rpm
libthai,0.1.29,10.el10,x86_64,802278,libthai-0.1.29-10.el10.src.rpm
libestr,0.1.11,11.el10,x86_64,50095,libestr-0.1.11-11.el10.src.rpm
libfastjson,1.2304.0,6.el10,x86_64,75609,libfastjson-1.2304.0-6.el10.src.rpm
libijs,0.35,24.el10,x86_64,67204,libijs-0.35-24.el10.src.rpm
libiptcdata,1.0.5,20.el10,x86_64,168093,libiptcdata-1.0.5-20.el10.src.rpm
libldac,2.0.2.3,17.el10,x86_64,80237,libldac-2.0.2.3-17.el10.src.rpm
liblouis,3.28.0,7.el10,x86_64,481185,liblouis-3.28.0-7.el10.src.rpm
libmaxminddb,1.9.1,4.el10,x86_64,88472,libmaxminddb-1.9.1-4.el10.src.rpm
libmpeg2,0.5.1,31.el10,x86_64,183277,libmpeg2-0.5.1-31.el10.src.rpm
libmspack,0.10.1,0.14.alpha.el10,x86_64,151314,libmspack-0.10.1-0.14.alpha.el10.src.rpm
libnet,1.3,7.el10,x86_64,139785,libnet-1.3-7.el10.src.rpm
libpaper,2.1.1,7.el10,x86_64,50005,libpaper-2.1.1-7.el10.src.rpm
libsamplerate,0.2.2,10.el10,x86_64,1503614,libsamplerate-0.2.2-10.el10.src.rpm
libxcvt,0.1.2,9.el10,x86_64,19030,libxcvt-0.1.2-9.el10.src.rpm
mtdev,1.1.6,10.el10,x86_64,25877,mtdev-1.1.6-10.el10.src.rpm
pcre2-utf32,10.44,1.el10.3,x86_64,583632,pcre2-10.44-1.el10.3.src.rpm
twolame-libs,0.4.0,6.el10,x86_64,169552,twolame-0.4.0-6.el10.src.rpm
wavpack,5.6.0,9.el10,x86_64,559926,wavpack-5.6.0-9.el10.src.rpm
kbd-misc,2.6.4,7.el10,noarch,2623568,kbd-2.6.4-7.el10.src.rpm
kbd-legacy,2.6.4,7.el10,noarch,580739,kbd-2.6.4-7.el10.src.rpm
kbd,2.6.4,7.el10,x86_64,1588765,kbd-2.6.4-7.el10.src.rpm
fuse-common,3.16.2,5.el10,x86_64,38,fuse3-3.16.2-5.el10.src.rpm
fuse3,3.16.2,5.el10,x86_64,128974,fuse3-3.16.2-5.el10.src.rpm
fontconfig,2.15.0,7.el10,x86_64,789538,fontconfig-2.15.0-7.el10.src.rpm
cairo,1.18.2,2.el10,x86_64,1818236,cairo-1.18.2-2.el10.src.rpm
cairo-gobject,1.18.2,2.el10,x86_64,36040,cairo-1.18.2-2.el10.src.rpm
libtirpc,1.3.5,1.el10,x86_64,207610,libtirpc-1.3.5-1.el10.src.rpm
gzip,1.13,3.el10,x86_64,402458,gzip-1.13-3.el10.src.rpm
which,2.21,44.el10_0,x86_64,81642,which-2.21-44.el10_0.src.rpm
cracklib,2.9.11,8.el10,x86_64,245085,cracklib-2.9.11-8.el10.src.rpm
gjs,1.80.2,11.el10,x86_64,15474590,gjs-1.80.2-11.el10.src.rpm
cairomm1.16,1.18.0,6.el10,x86_64,228594,cairomm1.16-1.18.0-6.el10.src.rpm
libevent,2.1.12,16.el10,x86_64,917042,libevent-2.1.12-16.el10.src.rpm
avahi-libs,0.9~rc2,2.el10_0,x86_64,181938,avahi-0.9~rc2-2.el10_0.src.rpm
avahi,0.9~rc2,2.el10_0,x86_64,1635012,avahi-0.9~rc2-2.el10_0.src.rpm
avahi-glib,0.9~rc2,2.el10_0,x86_64,19970,avahi-0.9~rc2-2.el10_0.src.rpm
libfido2,1.14.0,7.el10,x86_64,243444,libfido2-1.14.0-7.el10.src.rpm
libjose,14,102.el10,x86_64,157732,jose-14-102.el10.src.rpm
jose,14,102.el10,x86_64,124466,jose-14-102.el10.src.rpm
gutenprint,5.3.4,18.el10,x86_64,27624898,gutenprint-5.3.4-18.el10.src.rpm
cups-pk-helper,0.2.7,9.el10,x86_64,388111,cups-pk-helper-0.2.7-9.el10.src.rpm
libsane-airscan,0.99.27,14.el10,x86_64,280373,sane-airscan-0.99.27-14.el10.src.rpm
cracklib-dicts,2.9.11,8.el10,x86_64,9815811,cracklib-2.9.11-8.el10.src.rpm
libpwquality,1.4.5,12.el10,x86_64,427730,libpwquality-1.4.5-12.el10.src.rpm
libgxps,0.3.2,10.el10,x86_64,196791,libgxps-0.3.2-10.el10.src.rpm
libXft,2.3.8,8.el10,x86_64,168381,libXft-2.3.8-8.el10.src.rpm
pango,1.54.0,3.el10,x86_64,1024073,pango-1.54.0-3.el10.src.rpm
librsvg2,2.57.1,9.el10,x86_64,4356991,librsvg2-2.57.1-9.el10.src.rpm
rsvg-pixbuf-loader,2.57.1,9.el10,x86_64,15784,librsvg2-2.57.1-9.el10.src.rpm
librsvg2-tools,2.57.1,9.el10,x86_64,5374950,librsvg2-2.57.1-9.el10.src.rpm
glycin-loaders,1.0.1,1.el10,x86_64,11979063,glycin-loaders-1.0.1-1.el10.src.rpm
pangomm2.48,2.50.2,4.el10,x86_64,306064,pangomm2.48-2.50.2-4.el10.src.rpm
appstream,1.0.2,5.el10,x86_64,3678567,appstream-1.0.2-5.el10.src.rpm
polkit-pkla-compat,0.1,30.el10,x86_64,95981,polkit-pkla-compat-0.1-30.el10.src.rpm
crontabs,1.11^20190603git9e74f2d,6.el10,noarch,21331,crontabs-1.11^20190603git9e74f2d-6.el10.src.rpm
initscripts-service,10.26,2.el10,noarch,5832,initscripts-10.26-2.el10.src.rpm
speech-dispatcher,0.11.5,8.el10,x86_64,28199158,speech-dispatcher-0.11.5-8.el10.src.rpm
speech-dispatcher-espeak-ng,0.11.5,8.el10,x86_64,68418,speech-dispatcher-0.11.5-8.el10.src.rpm
ModemManager,1.22.0,7.el10,x86_64,4636009,ModemManager-1.22.0-7.el10.src.rpm
rtkit,0.11,68.el10,x86_64,149935,rtkit-0.11-68.el10.src.rpm
libkcapi,1.5.0,3.el10,x86_64,101245,libkcapi-1.5.0-3.el10.src.rpm
libkcapi-hasher,1.5.0,3.el10,x86_64,37113,libkcapi-1.5.0-3.el10.src.rpm
libkcapi-hmaccalc,1.5.0,3.el10,x86_64,175,libkcapi-1.5.0-3.el10.src.rpm
lockdev,1.0.4,0.46.20111007git.el10,x86_64,76453,lockdev-1.0.4-0.46.20111007git.el10.src.rpm
iio-sensor-proxy,3.5,5.el10,x86_64,156865,iio-sensor-proxy-3.5-5.el10.src.rpm
libbabeltrace,1.5.11,9.el10,x86_64,527573,babeltrace-1.5.11-9.el10.src.rpm
libproxy,0.5.5,4.el10,x86_64,117874,libproxy-0.5.5-4.el10.src.rpm
glib-networking,2.80.0,3.el10,x86_64,739921,glib-networking-2.80.0-3.el10.src.rpm
geocode-glib,3.26.4,14.el10,x86_64,236511,geocode-glib-3.26.4-14.el10.src.rpm
libgweather,4.4.4,3.el10,x86_64,23918884,libgweather-4.4.4-3.el10.src.rpm
geoclue2,2.7.2,1.el10,x86_64,413413,geoclue2-2.7.2-1.el10.src.rpm
geoclue2-libs,2.7.2,1.el10,x86_64,175225,geoclue2-2.7.2-1.el10.src.rpm
osinfo-db-tools,1.11.0,8.el10,x86_64,194949,osinfo-db-tools-1.11.0-8.el10.src.rpm
libosinfo,1.11.0,8.el10,x86_64,1254036,libosinfo-1.11.0-8.el10.src.rpm
os-prober,1.81,9.el10,x86_64,117173,os-prober-1.81-9.el10.src.rpm
kernel-modules-core,6.12.0,55.32.1.el10_0,x86_64,27947459,kernel-6.12.0-55.32.1.el10_0.src.rpm
kernel-core,6.12.0,55.32.1.el10_0,x86_64,71679598,kernel-6.12.0-55.32.1.el10_0.src.rpm
kernel-modules,6.12.0,55.32.1.el10_0,x86_64,38581984,kernel-6.12.0-55.32.1.el10_0.src.rpm
kernel-modules-extra,6.12.0,55.32.1.el10_0,x86_64,1401665,kernel-6.12.0-55.32.1.el10_0.src.rpm
sane-airscan,0.99.27,14.el10,x86_64,170359,sane-airscan-0.99.27-14.el10.src.rpm
sane-backends-drivers-cameras,1.2.1,10.el10,x86_64,12940771,sane-backends-1.2.1-10.el10.src.rpm
sane-backends-libs,1.2.1,10.el10,x86_64,98510,sane-backends-1.2.1-10.el10.src.rpm
sane-backends,1.2.1,10.el10,x86_64,3051860,sane-backends-1.2.1-10.el10.src.rpm
sane-backends-drivers-scanners,1.2.1,10.el10,x86_64,12427656,sane-backends-1.2.1-10.el10.src.rpm
flashrom,1.3.0,8.el10,x86_64,1749039,flashrom-1.3.0-8.el10.src.rpm
python3-dbus,1.3.2,8.el10,x86_64,539945,dbus-python-1.3.2-8.el10.src.rpm
python3-gobject-base-noarch,3.46.0,7.el10,noarch,873384,pygobject3-3.46.0-7.el10.src.rpm
python3-gobject-base,3.46.0,7.el10,x86_64,598512,pygobject3-3.46.0-7.el10.src.rpm
python3-six,1.16.0,16.el10,noarch,120439,python-six-1.16.0-16.el10.src.rpm
python3-attrs,23.2.0,7.el10,noarch,382200,python-attrs-23.2.0-7.el10.src.rpm
python3-pyyaml,6.0.1,19.el10,x86_64,800922,PyYAML-6.0.1-19.el10.src.rpm
python3-rpds-py,0.17.1,6.el10,x86_64,743381,python-rpds-py-0.17.1-6.el10.src.rpm
python3-referencing,0.31.1,6.el10,noarch,320360,python-referencing-0.31.1-6.el10.src.rpm
python3-setuptools,69.0.3,12.el10_0,noarch,7489822,python-setuptools-69.0.3-12.el10_0.src.rpm
python3-systemd,235,11.el10,x86_64,361960,python-systemd-235-11.el10.src.rpm
switcheroo-control,2.6,7.el10,x86_64,104839,switcheroo-control-2.6-7.el10.src.rpm
python3-jsonschema-specifications,2023.11.2,6.el10,noarch,46869,python-jsonschema-specifications-2023.11.2-6.el10.src.rpm
python3-jsonschema,4.19.1,7.el10,noarch,870395,python-jsonschema-4.19.1-7.el10.src.rpm
itstool,2.0.7,10.el10,noarch,137602,itstool-2.0.7-10.el10.src.rpm
python3-requests,2.32.4,1.el10_0,noarch,488211,python-requests-2.32.4-1.el10_0.src.rpm
python3-dateutil,2.9.0.post0,1.el10_0,noarch,880820,python-dateutil-2.9.0.post0-1.el10_0.src.rpm
libstoragemgmt,1.10.1,4.el10,x86_64,706962,libstoragemgmt-1.10.1-4.el10.src.rpm
python3-libstoragemgmt,1.10.1,4.el10,x86_64,1010514,libstoragemgmt-1.10.1-4.el10.src.rpm
python3-dasbus,1.7,8.el10,noarch,413788,python-dasbus-1.7-8.el10.src.rpm
python3-libcomps,0.1.21,3.el10,x86_64,146842,libcomps-0.1.21-3.el10.src.rpm
pcsc-lite-ccid,1.6.0,2.el10,x86_64,413717,pcsc-lite-ccid-1.6.0-2.el10.src.rpm
pcsc-lite,2.2.3,2.el10,x86_64,220161,pcsc-lite-2.2.3-2.el10.src.rpm
gpgme,1.23.2,6.el10,x86_64,609627,gpgme-1.23.2-6.el10.src.rpm
gpgmepp,1.23.2,6.el10,x86_64,430341,gpgme-1.23.2-6.el10.src.rpm
python3-inotify,0.9.6,36.el10,noarch,309476,python-inotify-0.9.6-36.el10.src.rpm
python3-packaging,24.2,2.el10,noarch,570729,python-packaging-24.2-2.el10.src.rpm
python3-ptyprocess,0.7.0,9.el10,noarch,81852,python-ptyprocess-0.7.0-9.el10.src.rpm
python3-pexpect,4.9.0,6.el10,noarch,644432,python-pexpect-4.9.0-6.el10.src.rpm
python3-pyudev,0.24.1,10.el10,noarch,349883,python-pyudev-0.24.1-10.el10.src.rpm
brlapi,0.8.5,16.el10,x86_64,614734,brltty-6.6-16.el10.src.rpm
brltty,6.6,16.el10,x86_64,8086365,brltty-6.6-16.el10.src.rpm
python3-brlapi,0.8.5,16.el10,x86_64,327481,brltty-6.6-16.el10.src.rpm
libcap-ng-python3,0.8.4,6.el10,x86_64,68998,libcap-ng-0.8.4-6.el10.src.rpm
python3-cairo,1.25.1,5.el10,x86_64,504310,pycairo-1.25.1-5.el10.src.rpm
python3-gobject,3.46.0,7.el10,x86_64,24403,pygobject3-3.46.0-7.el10.src.rpm
python3-pyatspi,2.46.1,5.el10,noarch,446589,pyatspi-2.46.1-5.el10.src.rpm
python3-cups,2.0.1,23.el10,x86_64,236121,python-cups-2.0.1-23.el10.src.rpm
python3-distro,1.9.0,5.el10,noarch,206640,python-distro-1.9.0-5.el10.src.rpm
python3-louis,3.28.0,7.el10,noarch,44147,liblouis-3.28.0-7.el10.src.rpm
python3-lxml,5.2.1,4.el10,x86_64,5186202,python-lxml-5.2.1-4.el10.src.rpm
python3-pam,2.0.2,10.el10,noarch,59839,python-pam-2.0.2-10.el10.src.rpm
python3-speechd,0.11.5,8.el10,x86_64,252332,speech-dispatcher-0.11.5-8.el10.src.rpm
wsdd,0.8,3.el10,noarch,98982,wsdd-0.8-3.el10.src.rpm
perl-Digest,1.20,511.el10,noarch,36060,perl-Digest-1.20-511.el10.src.rpm
perl-Digest-MD5,2.59,6.el10,x86_64,61168,perl-Digest-MD5-2.59-6.el10.src.rpm
perl-Data-Dumper,2.189,512.el10,x86_64,114342,perl-Data-Dumper-2.189-512.el10.src.rpm
perl-libnet,3.15,512.el10,noarch,295890,perl-libnet-3.15-512.el10.src.rpm
perl-URI,5.27,3.el10,noarch,245507,perl-URI-5.27-3.el10.src.rpm
perl-Text-Tabs+Wrap,2024.001,511.el10,noarch,23045,perl-Text-Tabs+Wrap-2024.001-511.el10.src.rpm
perl-IO-Socket-IP,0.42,512.el10,noarch,100992,perl-IO-Socket-IP-0.42-512.el10.src.rpm
perl-Time-Local,1.350,511.el10,noarch,70554,perl-Time-Local-1.350-511.el10.src.rpm
perl-IO-Socket-SSL,2.085,3.el10,noarch,701396,perl-IO-Socket-SSL-2.085-3.el10.src.rpm
perl-Pod-Escapes,1.07,511.el10,noarch,25476,perl-Pod-Escapes-1.07-511.el10.src.rpm
perl-Mozilla-CA,20231213,5.el10,noarch,9370,perl-Mozilla-CA-20231213-5.el10.src.rpm
perl-Term-ANSIColor,5.01,512.el10,noarch,99820,perl-Term-ANSIColor-5.01-512.el10.src.rpm
perl-File-Temp,0.231.100,512.el10,noarch,166172,perl-File-Temp-0.231.100-512.el10.src.rpm
perl-Term-Cap,1.18,511.el10,noarch,29958,perl-Term-Cap-1.18-511.el10.src.rpm
perl-Pod-Simple,3.45,511.el10,noarch,573280,perl-Pod-Simple-3.45-511.el10.src.rpm
perl-HTTP-Tiny,0.088,512.el10,noarch,155788,perl-HTTP-Tiny-0.088-512.el10.src.rpm
perl-Socket,2.038,511.el10,x86_64,126969,perl-Socket-2.038-511.el10.src.rpm
perl-podlators,5.01,511.el10,noarch,315477,perl-podlators-5.01-511.el10.src.rpm
perl-Pod-Perldoc,3.28.01,512.el10,noarch,166972,perl-Pod-Perldoc-3.28.01-512.el10.src.rpm
perl-Text-ParseWords,3.31,511.el10,noarch,13839,perl-Text-ParseWords-3.31-511.el10.src.rpm
perl-Pod-Usage,2.03,511.el10,noarch,86712,perl-Pod-Usage-2.03-511.el10.src.rpm
perl-MIME-Base64,3.16,511.el10,x86_64,47172,perl-MIME-Base64-3.16-511.el10.src.rpm
perl-Scalar-List-Utils,1.63,511.el10,x86_64,148958,perl-Scalar-List-Utils-1.63-511.el10.src.rpm
perl-constant,1.33,512.el10,noarch,26840,perl-constant-1.33-512.el10.src.rpm
perl-Storable,3.32,511.el10,x86_64,242018,perl-Storable-3.32-511.el10.src.rpm
perl-parent,0.241,512.el10,noarch,9959,perl-parent-0.241-512.el10.src.rpm
perl-Getopt-Long,2.58,3.el10,noarch,147853,perl-Getopt-Long-2.58-3.el10.src.rpm
perl-Carp,1.54,511.el10,noarch,47652,perl-Carp-1.54-511.el10.src.rpm
perl-Exporter,5.78,511.el10,noarch,55539,perl-Exporter-5.78-511.el10.src.rpm
perl-PathTools,3.91,512.el10,x86_64,179827,perl-PathTools-3.91-512.el10.src.rpm
perl-Encode,3.21,511.el10,x86_64,4931658,perl-Encode-3.21-511.el10.src.rpm
perl-Math-BigInt,2.0030.03,3.el10,noarch,980465,perl-Math-BigInt-2.0030.03-3.el10.src.rpm
perl-DBD-SQLite,1.74,6.el10,x86_64,586477,perl-DBD-SQLite-1.74-6.el10.src.rpm
libtracker-sparql,3.7.3,4.el10,x86_64,1096758,tracker-3.7.3-4.el10.src.rpm
tracker,3.7.3,4.el10,x86_64,2394180,tracker-3.7.3-4.el10.src.rpm
libsrtp,2.3.0,16.el10,x86_64,128073,libsrtp-2.3.0-16.el10.src.rpm
sound-theme-freedesktop,0.8,23.el10,noarch,471450,sound-theme-freedesktop-0.8-23.el10.src.rpm
libcanberra,0.30,37.el10,x86_64,285351,libcanberra-0.30-37.el10.src.rpm
libcanberra-gtk3,0.30,37.el10,x86_64,72602,libcanberra-0.30-37.el10.src.rpm
gtksourceview5,5.14.2,1.el10,x86_64,5218477,gtksourceview5-5.14.2-1.el10.src.rpm
tecla,45.0,5.el10,x86_64,121458,tecla-45.0-5.el10.src.rpm
libnma-gtk4,1.10.6,9.el10,x86_64,365338,libnma-1.10.6-9.el10.src.rpm
evolution-data-server-langpacks,3.52.4,3.el10,noarch,9094025,evolution-data-server-3.52.4-3.el10.src.rpm
evolution-data-server,3.52.4,3.el10,x86_64,9063078,evolution-data-server-3.52.4-3.el10.src.rpm
gnome-autoar,0.4.5,2.el10,x86_64,163010,gnome-autoar-0.4.5-2.el10.src.rpm
gsound,1.0.3,10.el10,x86_64,83556,gsound-1.0.3-10.el10.src.rpm
gnome-bluetooth-libs,47.1,1.el10,x86_64,1073598,gnome-bluetooth-47.1-1.el10.src.rpm
gnome-bluetooth,47.1,1.el10,x86_64,96972,gnome-bluetooth-47.1-1.el10.src.rpm
gnome-tour,46.0,4.el10.rocky.0.1,x86_64,2473872,gnome-tour-46.0-4.el10.rocky.0.1.src.rpm
colord-gtk4,0.3.1,4.el10,x86_64,36444,colord-gtk-0.3.1-4.el10.src.rpm
gcr,4.3.0,1.el10,x86_64,143819,gcr-4.3.0-1.el10.src.rpm
gtkmm4.0,4.13.2,5.el10,x86_64,5500706,gtkmm4.0-4.13.2-5.el10.src.rpm
gcr3,3.41.1,10.el10,x86_64,1767903,gcr3-3.41.1-10.el10.src.rpm
gnome-keyring,42.1,20.el10,x86_64,3636086,gnome-keyring-42.1-20.el10.src.rpm
gnome-keyring-pam,42.1,20.el10,x86_64,32011,gnome-keyring-42.1-20.el10.src.rpm
gnome-color-manager,3.36.0,14.el10,x86_64,3420511,gnome-color-manager-3.36.0-14.el10.src.rpm
libdecor,0.2.2,5.el10,x86_64,173542,libdecor-0.2.2-5.el10.src.rpm
libhandy,1.8.3,4.el10,x86_64,1427494,libhandy-1.8.3-4.el10.src.rpm
libnma,1.10.6,9.el10,x86_64,1160980,libnma-1.10.6-9.el10.src.rpm
nm-connection-editor,1.36.0,4.el10,x86_64,1037992,network-manager-applet-1.36.0-4.el10.src.rpm
libwnck3,43.0,10.el10,x86_64,2167978,libwnck3-43.0-10.el10.src.rpm
xdg-user-dirs-gtk,0.11,6.el10,x86_64,209262,xdg-user-dirs-gtk-0.11-6.el10.src.rpm
urw-base35-bookman-fonts,20200910,21.el10,noarch,1428570,urw-base35-fonts-20200910-21.el10.src.rpm
urw-base35-c059-fonts,20200910,21.el10,noarch,1460518,urw-base35-fonts-20200910-21.el10.src.rpm
urw-base35-d050000l-fonts,20200910,21.el10,noarch,86336,urw-base35-fonts-20200910-21.el10.src.rpm
urw-base35-gothic-fonts,20200910,21.el10,noarch,1216723,urw-base35-fonts-20200910-21.el10.src.rpm
urw-base35-nimbus-mono-ps-fonts,20200910,21.el10,noarch,1100338,urw-base35-fonts-20200910-21.el10.src.rpm
urw-base35-nimbus-roman-fonts,20200910,21.el10,noarch,1429732,urw-base35-fonts-20200910-21.el10.src.rpm
urw-base35-nimbus-sans-fonts,20200910,21.el10,noarch,2505850,urw-base35-fonts-20200910-21.el10.src.rpm
urw-base35-p052-fonts,20200910,21.el10,noarch,1557220,urw-base35-fonts-20200910-21.el10.src.rpm
urw-base35-standard-symbols-ps-fonts,20200910,21.el10,noarch,45248,urw-base35-fonts-20200910-21.el10.src.rpm
urw-base35-z003-fonts,20200910,21.el10,noarch,400137,urw-base35-fonts-20200910-21.el10.src.rpm
urw-base35-fonts,20200910,21.el10,noarch,5478,urw-base35-fonts-20200910-21.el10.src.rpm
libgs,10.02.1,16.el10_0,x86_64,24333470,ghostscript-10.02.1-16.el10_0.src.rpm
ghostscript-tools-fonts,10.02.1,16.el10_0,noarch,2534,ghostscript-10.02.1-16.el10_0.src.rpm
ghostscript-tools-printing,10.02.1,16.el10_0,noarch,3553,ghostscript-10.02.1-16.el10_0.src.rpm
ghostscript,10.02.1,16.el10_0,x86_64,35417,ghostscript-10.02.1-16.el10_0.src.rpm
libmodulemd,2.15.0,12.el10,x86_64,738544,libmodulemd-2.15.0-12.el10.src.rpm
color-filesystem,1,35.el10,noarch,151,color-filesystem-1-35.el10.src.rpm
colord,1.4.7,6.el10,x86_64,1715966,colord-1.4.7-6.el10.src.rpm
libppd,2.0.0,10.el10,x86_64,747264,libppd-2.0.0-10.el10.src.rpm
foomatic-db-ppds,4.0,83.20230810.el10,noarch,86254134,foomatic-db-4.0-83.20230810.el10.src.rpm
foomatic-db,4.0,83.20230810.el10,noarch,10183612,foomatic-db-4.0-83.20230810.el10.src.rpm
foomatic,4.0.13,33.el10,x86_64,661967,foomatic-4.0.13-33.el10.src.rpm
PackageKit,1.2.8,8.el10,x86_64,3057613,PackageKit-1.2.8-8.el10.src.rpm
system-config-printer-libs,1.5.18,11.el10,noarch,6496324,system-config-printer-1.5.18-11.el10.src.rpm
setroubleshoot-plugins,3.3.14,11.el10,noarch,2617478,setroubleshoot-plugins-3.3.14-11.el10.src.rpm
composefs-libs,1.0.8,1.el10,x86_64,144677,composefs-1.0.8-1.el10.src.rpm
fprintd,1.94.5,1.el10_0,x86_64,874133,fprintd-1.94.5-1.el10_0.src.rpm
fprintd-pam,1.94.5,1.el10_0,x86_64,35203,fprintd-1.94.5-1.el10_0.src.rpm
librelp,1.11.0,7.el10,x86_64,171777,librelp-1.11.0-7.el10.src.rpm
libshout,2.4.6,9.el10,x86_64,183496,libshout-2.4.6-9.el10.src.rpm
xmlsec1-openssl,1.2.39,3.el10,x86_64,300170,xmlsec1-1.2.39-3.el10.src.rpm
gnome-browser-connector,42.1,9.el10,x86_64,122465,gnome-browser-connector-42.1-9.el10.src.rpm
system-config-printer-udev,1.5.18,11.el10,x86_64,55126,system-config-printer-1.5.18-11.el10.src.rpm
PackageKit-command-not-found,1.2.8,8.el10,x86_64,36065,PackageKit-1.2.8-8.el10.src.rpm
pnm2ppa,1.13,6.el10,x86_64,934132,pnm2ppa-1.13-6.el10.src.rpm
gutenprint-cups,5.3.4,18.el10,x86_64,1114699,gutenprint-5.3.4-18.el10.src.rpm
gnome-disk-utility,46~alpha,3.el10,x86_64,6837948,gnome-disk-utility-46~alpha-3.el10.src.rpm
snapshot,46.3,1.el10,x86_64,1941430,snapshot-46.3-1.el10.src.rpm
gnome-system-monitor,46.0,1.el10,x86_64,5118982,gnome-system-monitor-46.0-1.el10.src.rpm
gnome-characters,46.0,3.el10,x86_64,2646998,gnome-characters-46.0-3.el10.src.rpm
gnome-clocks,46.0,1.el10,x86_64,1747932,gnome-clocks-46.0-1.el10.src.rpm
baobab,46.0,4.el10,x86_64,1690190,baobab-46.0-4.el10.src.rpm
gnome-font-viewer,46.0,1.el10,x86_64,1170371,gnome-font-viewer-46.0-1.el10.src.rpm
loupe,46.2,1.el10,x86_64,6393560,loupe-46.2-1.el10.src.rpm
rasdaemon,0.8.0,8.el10,x86_64,336740,rasdaemon-0.8.0-8.el10.src.rpm
enscript,1.6.6,36.el10,x86_64,1856082,enscript-1.6.6-36.el10.src.rpm
yelp-tools,42.1,8.el10,noarch,162901,yelp-tools-42.1-8.el10.src.rpm
PackageKit-gstreamer-plugin,1.2.8,8.el10,x86_64,24408,PackageKit-1.2.8-8.el10.src.rpm
blktrace,1.3.0,13.el10,x86_64,347639,blktrace-1.3.0-13.el10.src.rpm
paps,0.8.0,10.el10,x86_64,260446,paps-0.8.0-10.el10.src.rpm
kernel,6.12.0,55.32.1.el10_0,x86_64,0,kernel-6.12.0-55.32.1.el10_0.src.rpm
mcelog,202,1.el10,x86_64,182496,mcelog-202-1.el10.src.rpm
net-tools,2.0,0.73.20160912git.el10,x86_64,908234,net-tools-2.0-0.73.20160912git.el10.src.rpm
spice-vdagent,0.22.1,7.el10,x86_64,222713,spice-vdagent-0.22.1-7.el10.src.rpm
parted,3.6,7.el10,x86_64,2608788,parted-3.6-7.el10.src.rpm
PackageKit-gtk3-module,1.2.8,8.el10,x86_64,24260,PackageKit-1.2.8-8.el10.src.rpm
avahi-tools,0.9~rc2,2.el10_0,x86_64,104419,avahi-0.9~rc2-2.el10_0.src.rpm
lsof,4.98.0,7.el10,x86_64,592399,lsof-4.98.0-7.el10.src.rpm
initscripts-rename-device,10.26,2.el10,x86_64,16175,initscripts-10.26-2.el10.src.rpm
tcpdump,4.99.4,10.el10,x86_64,1281491,tcpdump-4.99.4-10.el10.src.rpm
bash-completion,2.11,16.el10,noarch,1052248,bash-completion-2.11-16.el10.src.rpm
langpacks-en,4.1,3.el10,noarch,400,langpacks-4.1-3.el10.src.rpm
xfsdump,3.2.0,1.el10,x86_64,936129,xfsdump-3.2.0-1.el10.src.rpm
efibootmgr,18,8.el10,x86_64,101414,efibootmgr-18-8.el10.src.rpm
plocate,1.1.22,10.el10,x86_64,534497,plocate-1.1.22-10.el10.src.rpm
wget,1.24.5,5.el10,x86_64,3507349,wget-1.24.5-5.el10.src.rpm
prefixdevname,0.2.0,4.el10,x86_64,2101174,rust-prefixdevname-0.2.0-4.el10.src.rpm
nano,8.1,3.el10,x86_64,2995364,nano-8.1-3.el10.src.rpm
mtr,0.95,11.el10,x86_64,197505,mtr-0.95-11.el10.src.rpm
bc,1.07.1,23.el10,x86_64,235086,bc-1.07.1-23.el10.src.rpm
bzip2,1.0.8,25.el10,x86_64,95093,bzip2-1.0.8-25.el10.src.rpm
ed,1.20,5.el10,x86_64,149884,ed-1.20-5.el10.src.rpm
dos2unix,7.5.2,3.el10,x86_64,851756,dos2unix-7.5.2-3.el10.src.rpm
lsscsi,0.32,15.el10,x86_64,119587,lsscsi-0.32-15.el10.src.rpm
symlinks,1.7,13.el10,x86_64,22416,symlinks-1.7-13.el10.src.rpm
time,1.9,25.el10,x86_64,84716,time-1.9-25.el10.src.rpm
tree,2.1.0,8.el10,x86_64,110278,tree-pkg-2.1.0-8.el10.src.rpm
default-fonts-other-sans,4.1,3.el10,noarch,391,langpacks-4.1-3.el10.src.rpm
default-fonts-core-math,4.1,3.el10,noarch,335,langpacks-4.1-3.el10.src.rpm
default-fonts-other-serif,4.1,3.el10,noarch,382,langpacks-4.1-3.el10.src.rpm
default-fonts-cjk-serif,4.1,3.el10,noarch,388,langpacks-4.1-3.el10.src.rpm
default-fonts-core-emoji,4.1,3.el10,noarch,338,langpacks-4.1-3.el10.src.rpm
dejavu-sans-fonts,2.37,25.el10,noarch,5772435,dejavu-fonts-2.37-25.el10.src.rpm
default-fonts-cjk-sans,4.1,3.el10,noarch,2240,langpacks-4.1-3.el10.src.rpm
default-fonts-cjk-mono,4.1,3.el10,noarch,395,langpacks-4.1-3.el10.src.rpm
default-fonts-core-serif,4.1,3.el10,noarch,354,langpacks-4.1-3.el10.src.rpm
default-fonts-core-mono,4.1,3.el10,noarch,361,langpacks-4.1-3.el10.src.rpm
default-fonts-other-mono,4.1,3.el10,noarch,389,langpacks-4.1-3.el10.src.rpm
dejavu-serif-fonts,2.37,25.el10,noarch,3481880,dejavu-fonts-2.37-25.el10.src.rpm
pt-sans-fonts,20141121,30.el10,noarch,3359740,pt-sans-fonts-20141121-30.el10.src.rpm
gutenprint-doc,5.3.4,18.el10,x86_64,980544,gutenprint-5.3.4-18.el10.src.rpm
gnome-user-docs,46.1,2.el10,noarch,57326501,gnome-user-docs-46.1-2.el10.src.rpm
bash-color-prompt,0.4.2,3.el10,noarch,23400,shell-color-prompt-0.4.2-3.el10.src.rpm
words,3.0,47.el10,noarch,4959394,words-3.0-47.el10.src.rpm
mailcap,2.1.54,8.el10,noarch,88071,mailcap-2.1.54-8.el10.src.rpm
gpg-pubkey,6fedfc85,682ae1a9,(none),0,(none)
libzip,1.10.1,5.el10,x86_64,135078,libzip-1.10.1-5.el10.src.rpm
php-pecl-zip,1.22.3,5.el10,x86_64,169707,php-pecl-zip-1.22.3-5.el10.src.rpm
php-pecl-apcu,5.1.23,5.el10,x86_64,150151,php-pecl-apcu-5.1.23-5.el10.src.rpm
gpg-pubkey,3228467c,613798eb,(none),0,(none)
libdisplay-info,0.2.0,4.el9,x86_64,216705,libdisplay-info-0.2.0-4.el9.src.rpm
gpg-pubkey,e37ed158,65785fa9,(none),0,(none)
open-sans-fonts,1.10,24.el10,noarch,2185780,open-sans-fonts-1.10-24.el10.src.rpm
libXt,1.3.0,5.el10,x86_64,448361,libXt-1.3.0-5.el10.src.rpm
jasper-libs,4.1.0,5.el10,x86_64,340810,jasper-4.1.0-5.el10.src.rpm
LibRaw,0.21.3,1.el10_0,x86_64,2446870,LibRaw-0.21.3-1.el10_0.src.rpm
imath,3.1.10,4.el10,x86_64,369518,imath-3.1.10-4.el10.src.rpm
graphviz,9.0.0,15.el10,x86_64,4429925,graphviz-9.0.0-15.el10.src.rpm
fftw-libs-double,3.3.10,15.el10,x86_64,3324533,fftw-3.3.10-15.el10.src.rpm
libwmf-lite,0.2.13,6.el10_0,x86_64,163514,libwmf-0.2.13-6.el10_0.src.rpm
libraqm,0.10.1,1.el10_0,x86_64,33476,libraqm-0.10.1-1.el10_0.src.rpm
liblqr-1,0.4.2,26.el10_0,x86_64,103608,liblqr-1-0.4.2-26.el10_0.src.rpm
perl-threads,2.40,511.el10,x86_64,113753,perl-threads-2.40-511.el10.src.rpm
make,4.4.1,9.el10,x86_64,1880247,make-4.4.1-9.el10.src.rpm
perl-threads-shared,1.69,511.el10,x86_64,81605,perl-threads-shared-1.69-511.el10.src.rpm
perl-Thread-Queue,3.14,511.el10,noarch,29532,perl-Thread-Queue-3.14-511.el10.src.rpm
xz-devel,5.6.2,4.el10_0,x86_64,261732,xz-5.6.2-4.el10_0.src.rpm
pcre2-utf16,10.44,1.el10.3,x86_64,612408,pcre2-10.44-1.el10.3.src.rpm
pcre2-devel,10.44,1.el10.3,x86_64,2057710,pcre2-10.44-1.el10.3.src.rpm
m4,1.4.19,11.el10,x86_64,607126,m4-1.4.19-11.el10.src.rpm
automake,1.16.5,20.el10,noarch,1826990,automake-1.16.5-20.el10.src.rpm
libverto-devel,0.3.2,10.el10,x86_64,26313,libverto-0.3.2-10.el10.src.rpm
keyutils-libs-devel,1.6.3,5.el10,x86_64,49397,keyutils-1.6.3-5.el10.src.rpm
libxcrypt-devel,4.4.36,10.el10,x86_64,30995,libxcrypt-4.4.36-10.el10.src.rpm
php-fedora-autoloader,1.0.1,7.el10_0,noarch,15123,php-fedora-autoloader-1.0.1-7.el10_0.src.rpm
php-pear,1.10.14,6.el10,noarch,2240374,php-pear-1.10.14-6.el10.src.rpm
kernel-modules-core,6.12.0,55.37.1.el10_0,x86_64,27952027,kernel-6.12.0-55.37.1.el10_0.src.rpm
kernel-core,6.12.0,55.37.1.el10_0,x86_64,71671350,kernel-6.12.0-55.37.1.el10_0.src.rpm
kernel-modules,6.12.0,55.37.1.el10_0,x86_64,38584076,kernel-6.12.0-55.37.1.el10_0.src.rpm
kernel-modules-extra,6.12.0,55.37.1.el10_0,x86_64,1401745,kernel-6.12.0-55.37.1.el10_0.src.rpm
kernel,6.12.0,55.37.1.el10_0,x86_64,0,kernel-6.12.0-55.37.1.el10_0.src.rpm
libgcc,14.3.1,4.4.el10,x86_64,277148,gcc-14.3.1-4.4.el10.src.rpm
linux-firmware-whence,20260707,23.1.el10_2,noarch,451794,linux-firmware-20260707-23.1.el10_2.src.rpm
crypto-policies,20260216,1.git0e54016.el10,noarch,121884,crypto-policies-20260216-1.git0e54016.el10.src.rpm
tzdata,2026c,1.el10_2,noarch,1917852,tzdata-2026c-1.el10_2.src.rpm
hwdata,0.379,10.8.el10,noarch,10296814,hwdata-0.379-10.8.el10.src.rpm
grub2-common,2.12,46.el10_2.rocky.0.1,noarch,6480782,grub2-2.12-46.el10_2.rocky.0.1.src.rpm
glibc-all-langpacks,2.39,128.el10_2,x86_64,234414577,glibc-2.39-128.el10_2.src.rpm
glibc-common,2.39,128.el10_2,x86_64,1072866,glibc-2.39-128.el10_2.src.rpm
glibc-gconv-extra,2.39,128.el10_2,x86_64,8163766,glibc-2.39-128.el10_2.src.rpm
glibc,2.39,128.el10_2,x86_64,6560770,glibc-2.39-128.el10_2.src.rpm
zlib-ng-compat,2.2.3,3.el10_1,x86_64,140888,zlib-ng-2.2.3-3.el10_1.src.rpm
libstdc++,14.3.1,4.4.el10,x86_64,2974161,gcc-14.3.1-4.4.el10.src.rpm
libxml2,2.12.5,10.el10_2.2,x86_64,1811939,libxml2-2.12.5-10.el10_2.2.src.rpm
libuuid,2.40.2,18.el10,x86_64,38213,util-linux-2.40.2-18.el10.src.rpm
audit-libs,4.0.3,5.el10,x86_64,371873,audit-4.0.3-5.el10.src.rpm
libtalloc,2.4.3,100.el10,x86_64,65565,libtalloc-2.4.3-100.el10.src.rpm
libblkid,2.40.2,18.el10,x86_64,268714,util-linux-2.40.2-18.el10.src.rpm
pam-libs,1.6.1,9.el10,x86_64,137895,pam-1.6.1-9.el10.src.rpm
libcap,2.69,7.el10_1.1,x86_64,228055,libcap-2.69-7.el10_1.1.src.rpm
systemd-libs,257,23.el10_2.2.rocky.0.1,x86_64,2411986,systemd-257-23.el10_2.2.rocky.0.1.src.rpm
libacl,2.4.0,1.el10_2,x86_64,45026,acl-2.4.0-1.el10_2.src.rpm
libcom_err,1.47.1,5.el10,x86_64,68697,e2fsprogs-1.47.1-5.el10.src.rpm
libtevent,0.17.1,100.el10,x86_64,107999,libtevent-0.17.1-100.el10.src.rpm
libdrm,2.4.128,1.el10,x86_64,416384,libdrm-2.4.128-1.el10.src.rpm
libtdb,1.4.14,100.el10,x86_64,111081,libtdb-1.4.14-100.el10.src.rpm
libldb,4.23.5,109.el10_2,x86_64,561309,samba-4.23.5-109.el10_2.src.rpm
elfutils-libelf,0.194,2.el10.rocky.0.1,x86_64,1172932,elfutils-0.194-2.el10.rocky.0.1.src.rpm
sqlite-libs,3.46.1,5.el10_1,x86_64,1575712,sqlite-3.46.1-5.el10_1.src.rpm
libusb1,1.0.30,1.el10_2,x86_64,175859,libusb1-1.0.30-1.el10_2.src.rpm
libpng,1.6.40,11.el10_2.1,x86_64,243390,libpng-1.6.40-11.el10_2.1.src.rpm
expat,2.7.3,1.el10_2.1,x86_64,316359,expat-2.7.3-1.el10_2.1.src.rpm
libseccomp,2.5.6,1.el10,x86_64,181747,libseccomp-2.5.6-1.el10.src.rpm
alsa-lib,1.2.15.3,2.el10,x86_64,1504466,alsa-lib-1.2.15.3-2.el10.src.rpm
libffi,3.4.4,10.el10,x86_64,87536,libffi-3.4.4-10.el10.src.rpm
libwayland-client,1.24.0,1.el10,x86_64,63496,wayland-1.24.0-1.el10.src.rpm
nspr,4.36.0,8.el10_1,x86_64,309528,nss-3.112.0-8.el10_1.src.rpm
gmp,6.2.1,12.el10,x86_64,829840,gmp-6.2.1-12.el10.src.rpm
nss-util,3.112.0,8.el10_1,x86_64,213736,nss-3.112.0-8.el10_1.src.rpm
gdbm-libs,1.23,14.el10,x86_64,124794,gdbm-1.23-14.el10.src.rpm
libsepol,3.10,1.el10,x86_64,857819,libsepol-3.10-1.el10.src.rpm
libselinux,3.10,1.el10,x86_64,201765,libselinux-3.10-1.el10.src.rpm
sed,4.9,5.el10,x86_64,877875,sed-4.9-5.el10.src.rpm
libmount,2.40.2,18.el10,x86_64,360098,util-linux-2.40.2-18.el10.src.rpm
libselinux-utils,3.10,1.el10,x86_64,369504,libselinux-3.10-1.el10.src.rpm
libsss_idmap,2.12.0,3.el10_2.1,x86_64,79726,sssd-2.12.0-3.el10_2.1.src.rpm
libsemanage,3.10,1.el10,x86_64,319483,libsemanage-3.10-1.el10.src.rpm
libbrotli,1.1.0,7.el10_1,x86_64,865514,brotli-1.1.0-7.el10_1.src.rpm
pciutils-libs,3.13.0,6.el10,x86_64,101729,pciutils-3.13.0-6.el10.src.rpm
libwebp,1.3.2,10.el10,x86_64,811986,libwebp-1.3.2-10.el10.src.rpm
libtiff,4.6.0,8.el10_2.4,x86_64,620355,libtiff-4.6.0-8.el10_2.4.src.rpm
cyrus-sasl-lib,2.1.28,30.el10_2,x86_64,728470,cyrus-sasl-2.1.28-30.el10_2.src.rpm
mpfr,4.2.1,8.el10,x86_64,855933,mpfr-4.2.1-8.el10.src.rpm
plymouth-core-libs,24.004.60,17.el10,x86_64,365124,plymouth-24.004.60-17.el10.src.rpm
libfdisk,2.40.2,18.el10,x86_64,379762,util-linux-2.40.2-18.el10.src.rpm
libgomp,14.3.1,4.4.el10,x86_64,540144,gcc-14.3.1-4.4.el10.src.rpm
libnghttp2,1.68.0,3.el10_2.2,x86_64,165820,nghttp2-1.68.0-3.el10_2.2.src.rpm
libsmartcols,2.40.2,18.el10,x86_64,184570,util-linux-2.40.2-18.el10.src.rpm
libtasn1,4.20.0,5.el10_2,x86_64,180515,libtasn1-4.20.0-5.el10_2.src.rpm
p11-kit,0.26.4,1.el10_2,x86_64,2652066,p11-kit-0.26.4-1.el10_2.src.rpm
p11-kit-trust,0.26.4,1.el10_2,x86_64,477305,p11-kit-0.26.4-1.el10_2.src.rpm
gnutls,3.8.10,4.el10_2,x86_64,4411387,gnutls-3.8.10-4.el10_2.src.rpm
glib2,2.80.4,12.el10_2.14,x86_64,15329679,glib2-2.80.4-12.el10_2.14.src.rpm
gdk-pixbuf2,2.42.12,4.el10_1.5,x86_64,2626909,gdk-pixbuf2-2.42.12-4.el10_1.5.src.rpm
polkit-libs,125,4.el10,x86_64,212764,polkit-125-4.el10.src.rpm
dconf,0.40.0,17.el10,x86_64,318805,dconf-0.40.0-17.el10.src.rpm
NetworkManager-libnm,1.56.0,2.el10_2,x86_64,10705233,NetworkManager-1.56.0-2.el10_2.src.rpm
gvfs-client,1.54.4,4.el10,x86_64,4318088,gvfs-1.54.4-4.el10.src.rpm
libsecret,0.21.2,8.el10,x86_64,582530,libsecret-0.21.2-8.el10.src.rpm
ibus-libs,1.5.32,1.el10,x86_64,888882,ibus-1.5.32-1.el10.src.rpm
libudisks2,2.11.0,2.el10_2.1,x86_64,1011404,udisks2-2.11.0-2.el10_2.1.src.rpm
libportal,0.9.0,3.el10,x86_64,237731,libportal-0.9.0-3.el10.src.rpm
libmbim,1.32.0,1.el10,x86_64,1142257,libmbim-1.32.0-1.el10.src.rpm
tar,1.35,11.el10,x86_64,3101972,tar-1.35-11.el10.src.rpm
libwayland-cursor,1.24.0,1.el10,x86_64,38160,wayland-1.24.0-1.el10.src.rpm
libbpf,1.7.0,1.el10,x86_64,440988,libbpf-1.7.0-1.el10.src.rpm
iproute,6.17.0,2.el10,x86_64,2281739,iproute-6.17.0-2.el10.src.rpm
e2fsprogs-libs,1.47.1,5.el10,x86_64,547823,e2fsprogs-1.47.1-5.el10.src.rpm
apr,1.7.5,3.el10,x86_64,309412,apr-1.7.5-3.el10.src.rpm
file-libs,5.45,9.el10,x86_64,10414622,file-5.45-9.el10.src.rpm
bluez-libs,5.85,1.el10,x86_64,207186,bluez-5.85-1.el10.src.rpm
iptables-libs,1.8.11,15.el10_2,x86_64,1843906,iptables-1.8.11-15.el10_2.src.rpm
jq,1.7.1,11.el10_2.2,x86_64,448961,jq-1.7.1-11.el10_2.2.src.rpm
numactl-libs,2.0.19,3.el10,x86_64,62382,numactl-2.0.19-3.el10.src.rpm
sg3_utils-libs,1.48,7.el10_2.1,x86_64,270837,sg3_utils-1.48-7.el10_2.1.src.rpm
libexif,0.6.24,9.el10_2.1,x86_64,2553256,libexif-0.6.24-9.el10_2.1.src.rpm
libsndfile,1.2.2,6.el10_2.1,x86_64,546732,libsndfile-1.2.2-6.el10_2.1.src.rpm
libwayland-egl,1.24.0,1.el10,x86_64,16786,wayland-1.24.0-1.el10.src.rpm
openjpeg2,2.5.2,5.el10,x86_64,456211,openjpeg2-2.5.2-5.el10.src.rpm
hyperv-daemons-license,0,0.50.20220731git.el10,noarch,18693,hyperv-daemons-0-0.50.20220731git.el10.src.rpm
gnome-control-center-filesystem,47.7,7.el10,noarch,0,gnome-control-center-47.7-7.el10.src.rpm
file,5.45,9.el10,x86_64,105815,file-5.45-9.el10.src.rpm
gdk-pixbuf2-modules,2.42.12,4.el10_1.5,x86_64,60781,gdk-pixbuf2-2.42.12-4.el10_1.5.src.rpm
gtk-update-icon-cache,3.24.43,5.el10,x86_64,67726,gtk3-3.24.43-5.el10.src.rpm
libnotify,0.8.6,1.el10,x86_64,133269,libnotify-0.8.6-1.el10.src.rpm
libxmlb,0.3.24,1.el10,x86_64,299363,libxmlb-0.3.24-1.el10.src.rpm
at-spi2-core,2.56.1,1.el10,x86_64,1590979,at-spi2-core-2.56.1-1.el10.src.rpm
atk,2.56.1,1.el10,x86_64,254598,at-spi2-core-2.56.1-1.el10.src.rpm
at-spi2-atk,2.56.1,1.el10,x86_64,298607,at-spi2-core-2.56.1-1.el10.src.rpm
enchant2,2.6.9,1.el10,x86_64,169228,enchant2-2.6.9-1.el10.src.rpm
nautilus-extensions,47.6,2.el10,x86_64,80542,nautilus-47.6-2.el10.src.rpm
gd,2.3.3,22.el10,x86_64,400915,gd-2.3.3-22.el10.src.rpm
shadow-utils-subid,4.15.0,11.el10,x86_64,55117,shadow-utils-4.15.0-11.el10.src.rpm
spirv-tools-libs,2025.4,1.el10,x86_64,6084792,spirv-tools-2025.4-1.el10.src.rpm
openexr-libs,3.1.10,8.el10_2.3,x86_64,6710248,openexr-3.1.10-8.el10_2.3.src.rpm
dmidecode,3.6,5.el10,x86_64,244531,dmidecode-3.6-5.el10.src.rpm
ethtool,6.15,2.el10,x86_64,1028583,ethtool-6.15-2.el10.src.rpm
libgcrypt,1.11.0,7.el10_2,x86_64,1635714,libgcrypt-1.11.0-7.el10_2.src.rpm
libnftnl,1.3.0,3.el10,x86_64,234794,libnftnl-1.3.0-3.el10.src.rpm
nftables,1.1.5,5.el10_2,x86_64,1117234,nftables-1.1.5-5.el10_2.src.rpm
criu,4.2,1.el10,x86_64,1610077,criu-4.2-1.el10.src.rpm
giflib,5.2.1,25.el10_2,x86_64,120600,giflib-5.2.1-25.el10_2.src.rpm
libei,1.5.0,1.el10,x86_64,113386,libei-1.5.0-1.el10.src.rpm
liblc3,1.1.3,1.el10,x86_64,170799,liblc3-1.1.3-1.el10.src.rpm
libtool-ltdl,2.4.7,14.el10,x86_64,71712,libtool-2.4.7-14.el10.src.rpm
mesa-filesystem,25.2.7,4.el10.rocky.0.1,x86_64,3682,mesa-25.2.7-4.el10.rocky.0.1.src.rpm
cmake-filesystem,3.31.8,1.el10,x86_64,0,cmake-3.31.8-1.el10.src.rpm
zlib-ng-compat-devel,2.2.3,3.el10_1,x86_64,109541,zlib-ng-2.2.3-3.el10_1.src.rpm
vim-data,9.1.083,9.el10_2.12,noarch,18353,vim-9.1.083-9.el10_2.12.src.rpm
redhat-text-vf-fonts,4.1.0,1.el10,noarch,464837,redhat-fonts-4.1.0-1.el10.src.rpm
redhat-mono-vf-fonts,4.1.0,1.el10,noarch,442340,redhat-fonts-4.1.0-1.el10.src.rpm
gsettings-desktop-schemas,47.1,4.el10,x86_64,5636158,gsettings-desktop-schemas-47.1-4.el10.src.rpm
emacs-filesystem,29.4,13.el10_2,noarch,0,emacs-29.4-13.el10_2.src.rpm
desktop-file-utils,0.26,15.el10_1,x86_64,234995,desktop-file-utils-0.26-15.el10_1.src.rpm
libxml2-devel,2.12.5,10.el10_2.2,x86_64,3551698,libxml2-2.12.5-10.el10_2.2.src.rpm
criu-libs,4.2,1.el10,x86_64,86818,criu-4.2-1.el10.src.rpm
crun,1.27,2.el10_2,x86_64,641174,crun-1.27-2.el10_2.src.rpm
libqmi,1.34.0,9.el10,x86_64,5464001,libqmi-1.34.0-9.el10.src.rpm
libjcat,0.2.5,1.el10,x86_64,227076,libjcat-0.2.5-1.el10.src.rpm
conmon,2.2.1,2.el10,x86_64,185741,conmon-2.2.1-2.el10.src.rpm
p11-kit-server,0.26.4,1.el10_2,x86_64,37016,p11-kit-0.26.4-1.el10_2.src.rpm
fftw-libs-single,3.3.10,15.el10,x86_64,3615171,fftw-3.3.10-15.el10.src.rpm
exiv2,0.28.3,5.el10,x86_64,12811341,exiv2-0.28.3-5.el10.src.rpm
exiv2-libs,0.28.3,5.el10,x86_64,2969202,exiv2-0.28.3-5.el10.src.rpm
erofs-utils,1.8.10,1.el10,x86_64,441094,erofs-utils-1.8.10-1.el10.src.rpm
libsepol-devel,3.10,1.el10,x86_64,124454,libsepol-3.10-1.el10.src.rpm
libselinux-devel,3.10,1.el10,x86_64,130954,libselinux-3.10-1.el10.src.rpm
gdbm,1.23,14.el10,x86_64,475463,gdbm-1.23-14.el10.src.rpm
perl-DynaLoader,1.56,514.el10,x86_64,32841,perl-5.40.2-514.el10.src.rpm
perl-vars,1.05,514.el10,noarch,3960,perl-5.40.2-514.el10.src.rpm
perl-libs,5.40.2,514.el10,x86_64,10261560,perl-5.40.2-514.el10.src.rpm
perl-NDBM_File,1.17,514.el10,x86_64,29126,perl-5.40.2-514.el10.src.rpm
perl-Fcntl,1.18,514.el10,x86_64,45991,perl-5.40.2-514.el10.src.rpm
perl-File-Basename,2.86,514.el10,noarch,14342,perl-5.40.2-514.el10.src.rpm
perl-Symbol,1.09,514.el10,noarch,6976,perl-5.40.2-514.el10.src.rpm
perl-Errno,1.38,514.el10,x86_64,8531,perl-5.40.2-514.el10.src.rpm
perl-POSIX,2.20,514.el10,x86_64,236585,perl-5.40.2-514.el10.src.rpm
perl-locale,1.12,514.el10,noarch,6653,perl-5.40.2-514.el10.src.rpm
perl-Class-Struct,0.68,514.el10,noarch,25968,perl-5.40.2-514.el10.src.rpm
perl-interpreter,5.40.2,514.el10,x86_64,125186,perl-5.40.2-514.el10.src.rpm
perl-overloading,0.02,514.el10,noarch,4961,perl-5.40.2-514.el10.src.rpm
perl-SelectSaver,1.02,514.el10,noarch,2220,perl-5.40.2-514.el10.src.rpm
perl-File-Find,1.44,514.el10,noarch,42951,perl-5.40.2-514.el10.src.rpm
perl-AutoLoader,5.74,514.el10,noarch,21029,perl-5.40.2-514.el10.src.rpm
perl-File-Compare,1.100.800,514.el10,noarch,5715,perl-5.40.2-514.el10.src.rpm
perl-base,2.27,514.el10,noarch,12844,perl-5.40.2-514.el10.src.rpm
perl-if,0.61.000,514.el10,noarch,5948,perl-5.40.2-514.el10.src.rpm
perl-mro,1.29,514.el10,x86_64,46620,perl-5.40.2-514.el10.src.rpm
perl-overload,1.37,514.el10,noarch,73252,perl-5.40.2-514.el10.src.rpm
perl-File-stat,1.14,514.el10,noarch,12808,perl-5.40.2-514.el10.src.rpm
perl-IO,1.55,514.el10,x86_64,154599,perl-5.40.2-514.el10.src.rpm
perl-FileHandle,2.05,514.el10,noarch,9568,perl-5.40.2-514.el10.src.rpm
perl-IPC-Open3,1.22,514.el10,noarch,22995,perl-5.40.2-514.el10.src.rpm
perl-File-Copy,2.41,514.el10,noarch,20089,perl-5.40.2-514.el10.src.rpm
autoconf,2.71,13.el10,noarch,2538885,autoconf-2.71-13.el10.src.rpm
nss-softokn-freebl,3.112.0,8.el10_1,x86_64,1076366,nss-3.112.0-8.el10_1.src.rpm
nss-softokn,3.112.0,8.el10_1,x86_64,1324235,nss-3.112.0-8.el10_1.src.rpm
libwayland-server,1.24.0,1.el10,x86_64,88584,wayland-1.24.0-1.el10.src.rpm
alsa-ucm,1.2.15.3,2.el10,noarch,646806,alsa-lib-1.2.15.3-2.el10.src.rpm
libss,1.47.1,5.el10,x86_64,76959,e2fsprogs-1.47.1-5.el10.src.rpm
e2fsprogs,1.47.1,5.el10,x86_64,4714816,e2fsprogs-1.47.1-5.el10.src.rpm
libcom_err-devel,1.47.1,5.el10,x86_64,17068,e2fsprogs-1.47.1-5.el10.src.rpm
acl,2.4.0,1.el10_2,x86_64,232673,acl-2.4.0-1.el10_2.src.rpm
device-mapper-persistent-data,1.3.0,1.el10,x86_64,3457637,device-mapper-persistent-data-1.3.0-1.el10.src.rpm
liboeffis,1.5.0,1.el10,x86_64,33682,libei-1.5.0-1.el10.src.rpm
libxslt,1.1.39,8.el10_2.1,x86_64,492781,libxslt-1.1.39-8.el10_2.1.src.rpm
highway,1.3.0,1.el10_2,x86_64,4700874,highway-1.3.0-1.el10_2.src.rpm
jxl-pixbuf-loader,0.10.4,1.el10_1,x86_64,29838,jpegxl-0.10.4-1.el10_1.src.rpm
libjxl,0.10.4,1.el10_1,x86_64,3509542,jpegxl-0.10.4-1.el10_1.src.rpm
ImageMagick-libs,7.1.1.47,1.el10_1,x86_64,9256933,ImageMagick-7.1.1.47-1.el10_1.src.rpm
ImageMagick,7.1.1.47,1.el10_1,x86_64,89925,ImageMagick-7.1.1.47-1.el10_1.src.rpm
libstdc++-devel,14.3.1,4.4.el10,x86_64,16257943,gcc-14.3.1-4.4.el10.src.rpm
taglib,1.13.1,1.el10,x86_64,1164610,taglib-1.13.1-1.el10.src.rpm
kexec-tools,2.0.32,3.el10,x86_64,247145,kexec-tools-2.0.32-3.el10.src.rpm
c-ares,1.34.6,2.el10_2,x86_64,280076,c-ares-1.34.6-2.el10_2.src.rpm
exfatprogs,1.2.8,1.el10,x86_64,252455,exfatprogs-1.2.8-1.el10.src.rpm
ipset-libs,7.22,12.el10_2,x86_64,222044,ipset-7.22-12.el10_2.src.rpm
isns-utils-libs,0.103,1.el10_2.1,x86_64,495258,isns-utils-0.103-1.el10_2.1.src.rpm
iw,6.17,1.el10,x86_64,296737,iw-6.17-1.el10.src.rpm
kernel-tools-libs,6.12.0,211.47.1.el10_2,x86_64,31052,kernel-6.12.0-211.47.1.el10_2.src.rpm
libipa_hbac,2.12.0,3.el10_2.1,x86_64,62668,sssd-2.12.0-3.el10_2.1.src.rpm
libsss_nss_idmap,2.12.0,3.el10_2.1,x86_64,88246,sssd-2.12.0-3.el10_2.1.src.rpm
libsss_sudo,2.12.0,3.el10_2.1,x86_64,55055,sssd-2.12.0-3.el10_2.1.src.rpm
liburing,2.12,1.el10,x86_64,114173,liburing-2.12-1.el10.src.rpm
unzip,6.0,69.el10,x86_64,407827,unzip-6.0-69.el10.src.rpm
aardvark-dns,1.17.1,1.el10_2,x86_64,2529591,aardvark-dns-1.17.1-1.el10_2.src.rpm
netavark,1.17.2,1.el10,x86_64,9735044,netavark-1.17.2-1.el10.src.rpm
capstone,5.0.1,8.el10_2,x86_64,14712954,capstone-5.0.1-8.el10_2.src.rpm
checkpolicy,3.10,1.el10,x86_64,1699768,checkpolicy-3.10-1.el10.src.rpm
libeis,1.5.0,1.el10,x86_64,121492,libei-1.5.0-1.el10.src.rpm
libsbc,2.0,7.el10,x86_64,87442,sbc-2.0-7.el10.src.rpm
libuv,1.52.1,1.el10_2,x86_64,591941,libuv-1.52.1-1.el10_2.src.rpm
libv4l,1.26.1,5.el10,x86_64,686466,v4l-utils-1.26.1-5.el10.src.rpm
libvpx,1.14.1,6.el10_2,x86_64,3318344,libvpx-1.14.1-6.el10_2.src.rpm
vte-profile,0.78.6,1.el10,x86_64,56932,vte291-0.78.6-1.el10.src.rpm
xxd,9.1.083,9.el10_2.12,x86_64,41987,vim-9.1.083-9.el10_2.12.src.rpm
intel-vsc-firmware,20260707,23.1.el10_2,noarch,9216916,linux-firmware-20260707-23.1.el10_2.src.rpm
libcamera-ipa,0.6.0,1.el10,x86_64,635591,libcamera-0.6.0-1.el10.src.rpm
libcamera,0.6.0,1.el10,x86_64,2251072,libcamera-0.6.0-1.el10.src.rpm
amd-ucode-firmware,20260707,23.1.el10_2,noarch,681780,linux-firmware-20260707-23.1.el10_2.src.rpm
atheros-firmware,20260707,23.1.el10_2,noarch,50036076,linux-firmware-20260707-23.1.el10_2.src.rpm
brcmfmac-firmware,20260707,23.1.el10_2,noarch,9993474,linux-firmware-20260707-23.1.el10_2.src.rpm
cirrus-audio-firmware,20260707,23.1.el10_2,noarch,3076200,linux-firmware-20260707-23.1.el10_2.src.rpm
intel-audio-firmware,20260707,23.1.el10_2,noarch,3756558,linux-firmware-20260707-23.1.el10_2.src.rpm
mt7xxx-firmware,20260707,23.1.el10_2,noarch,35065604,linux-firmware-20260707-23.1.el10_2.src.rpm
nxpwireless-firmware,20260707,23.1.el10_2,noarch,1598912,linux-firmware-20260707-23.1.el10_2.src.rpm
realtek-firmware,20260707,23.1.el10_2,noarch,6392740,linux-firmware-20260707-23.1.el10_2.src.rpm
tiwilink-firmware,20260707,23.1.el10_2,noarch,4802072,linux-firmware-20260707-23.1.el10_2.src.rpm
amd-gpu-firmware,20260707,23.1.el10_2,noarch,36892096,linux-firmware-20260707-23.1.el10_2.src.rpm
intel-gpu-firmware,20260707,23.1.el10_2,noarch,9494051,linux-firmware-20260707-23.1.el10_2.src.rpm
nvidia-gpu-firmware,20260707,23.1.el10_2,noarch,105955521,linux-firmware-20260707-23.1.el10_2.src.rpm
linux-firmware,20260707,23.1.el10_2,noarch,70905553,linux-firmware-20260707-23.1.el10_2.src.rpm
rocky-logos-httpd,100.5,3.el10,noarch,24348,rocky-logos-100.5-3.el10.src.rpm
mutter-common,49.4,4.el10_2,noarch,37426,mutter-49.4-4.el10_2.src.rpm
libwacom-data,2.14.0,4.el10_1,noarch,1393179,libwacom-2.14.0-4.el10_1.src.rpm
kernel-headers,6.12.0,211.47.1.el10_2,x86_64,7073316,kernel-6.12.0-211.47.1.el10_2.src.rpm
glibc-devel,2.39,128.el10_2,x86_64,2350835,glibc-2.39-128.el10_2.src.rpm
hplip-common,3.23.12,10.el10_2.5,x86_64,1492525,hplip-3.23.12-10.el10_2.5.src.rpm
vim-filesystem,9.1.083,9.el10_2.12,noarch,40,vim-9.1.083-9.el10_2.12.src.rpm
vim-common,9.1.083,9.el10_2.12,x86_64,38315212,vim-9.1.083-9.el10_2.12.src.rpm
rocky-gpg-keys,10.2,1.2.el10,noarch,20286,rocky-release-10.2-1.2.el10.src.rpm
rocky-release,10.2,1.2.el10,noarch,30471,rocky-release-10.2-1.2.el10.src.rpm
rocky-repos,10.2,1.2.el10,noarch,16138,rocky-release-10.2-1.2.el10.src.rpm
setup,2.14.5,7.el10,noarch,737783,setup-2.14.5-7.el10.src.rpm
shadow-utils,4.15.0,11.el10,x86_64,4286114,shadow-utils-4.15.0-11.el10.src.rpm
filesystem,3.18,17.el10,x86_64,106,filesystem-3.18-17.el10.src.rpm
httpd-filesystem,2.4.63,13.el10_2.5,noarch,464,httpd-2.4.63-13.el10_2.5.src.rpm
efi-filesystem,6,7.el10.rocky.0.1,noarch,0,efi-rpm-macros-6-7.el10.rocky.0.1.src.rpm
cpp,14.3.1,4.4.el10,x86_64,40434080,gcc-14.3.1-4.4.el10.src.rpm
nginx-filesystem,1.26.3,6.el10_2.5,noarch,141,nginx-1.26.3-6.el10_2.5.src.rpm
quota-nls,4.09,10.el10,noarch,280116,quota-4.09-10.el10.src.rpm
ncurses-base,6.4,15.20240127.el10_1,noarch,334036,ncurses-6.4-15.20240127.el10_1.src.rpm
ncurses-libs,6.4,15.20240127.el10_1,x86_64,989311,ncurses-6.4-15.20240127.el10_1.src.rpm
util-linux-core,2.40.2,18.el10,x86_64,1534773,util-linux-2.40.2-18.el10.src.rpm
procps-ng,4.0.4,11.el10,x86_64,1071541,procps-ng-4.0.4-11.el10.src.rpm
libssh-config,0.12.0,2.el10,noarch,277,libssh-0.12.0-2.el10.src.rpm
fwupd-efi,1.8,1.el10_2.rocky.0.1,x86_64,165775,fwupd-efi-1.8-1.el10_2.rocky.0.1.src.rpm
firewalld-filesystem,2.4.3,2.el10_2,noarch,239,firewalld-2.4.3-2.el10_2.src.rpm
dnf-data,4.20.0,22.el10_2.rocky.0.1,noarch,39548,dnf-4.20.0-22.el10_2.rocky.0.1.src.rpm
coreutils-common,9.5,8.el10_2,x86_64,11696110,coreutils-9.5-8.el10_2.src.rpm
openssl-fips-provider,3.5.5,6.el10_2,x86_64,2497282,openssl-3.5.5-6.el10_2.src.rpm
openssl-libs,3.5.5,6.el10_2,x86_64,6882939,openssl-3.5.5-6.el10_2.src.rpm
coreutils,9.5,8.el10_2,x86_64,5702138,coreutils-9.5-8.el10_2.src.rpm
ca-certificates,2025.2.80_v9.0.305,102.el10,noarch,2801276,ca-certificates-2025.2.80_v9.0.305-102.el10.src.rpm
krb5-libs,1.21.3,10.el10_2,x86_64,2429269,krb5-1.21.3-10.el10_2.src.rpm
kmod-libs,31,13.el10,x86_64,150590,kmod-31-13.el10.src.rpm
openldap,2.6.10,1.el10,x86_64,527155,openldap-2.6.10-1.el10.src.rpm
libblockdev-utils,3.4.0,2.el10,x86_64,44614,libblockdev-3.4.0-2.el10.src.rpm
libsoup3,3.6.5,5.el10,x86_64,1196926,libsoup3-3.6.5-5.el10.src.rpm
tpm2-tss,4.1.3,6.el10,x86_64,1742880,tpm2-tss-4.1.3-6.el10.src.rpm
libarchive,3.7.7,10.el10_2,x86_64,957114,libarchive-3.7.7-10.el10_2.src.rpm
rocky-logos,100.5,3.el10,x86_64,582280,rocky-logos-100.5-3.el10.src.rpm
pam,1.6.1,9.el10,x86_64,1840595,pam-1.6.1-9.el10.src.rpm
kmod,31,13.el10,x86_64,275071,kmod-31-13.el10.src.rpm
libsss_certmap,2.12.0,3.el10_2.1,x86_64,139971,sssd-2.12.0-3.el10_2.1.src.rpm
libnvme,1.16.1,3.el10_2,x86_64,313254,libnvme-1.16.1-3.el10_2.src.rpm
libblockdev,3.4.0,2.el10,x86_64,384220,libblockdev-3.4.0-2.el10.src.rpm
plymouth-graphics-libs,24.004.60,17.el10,x86_64,180003,plymouth-24.004.60-17.el10.src.rpm
cyrus-sasl-gssapi,2.1.28,30.el10_2,x86_64,45184,cyrus-sasl-2.1.28-30.el10_2.src.rpm
libwinpr,3.10.3,12.el10_2.8,x86_64,1185397,freerdp-3.10.3-12.el10_2.8.src.rpm
podman-sequoia,0.4.0~pqc.3,1.el10_2,x86_64,7571606,rust-podman-sequoia-0.4.0~pqc.3-1.el10_2.src.rpm
net-snmp-libs,5.9.4,19.el10,x86_64,3257664,net-snmp-5.9.4-19.el10.src.rpm
sscg,4.0.3,2.el10,x86_64,120009,sscg-4.0.3-2.el10.src.rpm
libblockdev-nvme,3.4.0,2.el10,x86_64,48540,libblockdev-3.4.0-2.el10.src.rpm
gnupg2-smime,2.4.5,4.el10_1,x86_64,595465,gnupg2-2.4.5-4.el10_1.src.rpm
gnupg2,2.4.5,4.el10_1,x86_64,9986589,gnupg2-2.4.5-4.el10_1.src.rpm
ima-evm-utils,1.6.2,4.el10.rocky.0.2,x86_64,166472,ima-evm-utils-1.6.2-4.el10.rocky.0.2.src.rpm
rest,0.9.1,11.el10_2.1,x86_64,199103,rest-0.9.1-11.el10_2.1.src.rpm
libblockdev-fs,3.4.0,2.el10,x86_64,115320,libblockdev-3.4.0-2.el10.src.rpm
libblockdev-loop,3.4.0,2.el10,x86_64,24020,libblockdev-3.4.0-2.el10.src.rpm
libblockdev-smart,3.4.0,2.el10,x86_64,48398,libblockdev-3.4.0-2.el10.src.rpm
pciutils,3.13.0,6.el10,x86_64,302529,pciutils-3.13.0-6.el10.src.rpm
libkadm5,1.21.3,10.el10_2,x86_64,219046,krb5-1.21.3-10.el10_2.src.rpm
krb5-devel,1.21.3,10.el10_2,x86_64,722845,krb5-1.21.3-10.el10_2.src.rpm
libssh,0.12.0,2.el10,x86_64,699580,libssh-0.12.0-2.el10.src.rpm
libcurl,8.12.1,4.el10_2.4,x86_64,858358,curl-8.12.1-4.el10_2.4.src.rpm
php-common,8.3.32,1.el10_2,x86_64,9382287,php-8.3.32-1.el10_2.src.rpm
php-cli,8.3.32,1.el10_2,x86_64,16992031,php-8.3.32-1.el10_2.src.rpm
php-mbstring,8.3.32,1.el10_2,x86_64,1211115,php-8.3.32-1.el10_2.src.rpm
php-xml,8.3.32,1.el10_2,x86_64,456510,php-8.3.32-1.el10_2.src.rpm
ostree-libs,2025.7,1.el10,x86_64,1253682,ostree-2025.7-1.el10.src.rpm
php-intl,8.3.32,1.el10_2,x86_64,559879,php-8.3.32-1.el10_2.src.rpm
php-pdo,8.3.32,1.el10_2,x86_64,239565,php-8.3.32-1.el10_2.src.rpm
php-process,8.3.32,1.el10_2,x86_64,117580,php-8.3.32-1.el10_2.src.rpm
curl,8.12.1,4.el10_2.4,x86_64,457256,curl-8.12.1-4.el10_2.4.src.rpm
authselect-libs,1.5.2,1.el10,x86_64,923746,authselect-1.5.2-1.el10.src.rpm
cryptsetup-libs,2.8.1,2.el10,x86_64,2774607,cryptsetup-2.8.1-2.el10.src.rpm
device-mapper-libs,1.02.210,2.el10,x86_64,432249,lvm2-2.03.36-2.el10.src.rpm
device-mapper,1.02.210,2.el10,x86_64,354988,lvm2-2.03.36-2.el10.src.rpm
elfutils-debuginfod-client,0.194,2.el10.rocky.0.1,x86_64,81802,elfutils-0.194-2.el10.rocky.0.1.src.rpm
elfutils-libs,0.194,2.el10.rocky.0.1,x86_64,707101,elfutils-0.194-2.el10.rocky.0.1.src.rpm
elfutils-default-yama-scope,0.194,2.el10.rocky.0.1,noarch,1810,elfutils-0.194-2.el10.rocky.0.1.src.rpm
systemd-pam,257,23.el10_2.2.rocky.0.1,x86_64,680534,systemd-257-23.el10_2.2.rocky.0.1.src.rpm
util-linux,2.40.2,18.el10,x86_64,3888906,util-linux-2.40.2-18.el10.src.rpm
systemd,257,23.el10_2.2.rocky.0.1,x86_64,17689413,systemd-257-23.el10_2.2.rocky.0.1.src.rpm
wireplumber,0.5.10,1.el10,x86_64,403855,wireplumber-0.5.10-1.el10.src.rpm
wireplumber-libs,0.5.10,1.el10,x86_64,1289015,wireplumber-0.5.10-1.el10.src.rpm
pipewire-libs,1.4.11,1.el10_2,x86_64,9233102,pipewire-1.4.11-1.el10_2.src.rpm
pipewire,1.4.11,1.el10_2,x86_64,443540,pipewire-1.4.11-1.el10_2.src.rpm
pipewire-plugin-libcamera,1.4.11,1.el10_2,x86_64,149915,pipewire-1.4.11-1.el10_2.src.rpm
polkit,125,4.el10,x86_64,490037,polkit-125-4.el10.src.rpm
cups-filesystem,2.4.10,18.el10_2,noarch,0,cups-2.4.10-18.el10_2.src.rpm
cups-libs,2.4.10,18.el10_2,x86_64,637574,cups-2.4.10-18.el10_2.src.rpm
samba-common,4.23.5,109.el10_2,noarch,209456,samba-4.23.5-109.el10_2.src.rpm
libwbclient,4.23.5,109.el10_2,x86_64,75036,samba-4.23.5-109.el10_2.src.rpm
samba-client-libs,4.23.5,109.el10_2,x86_64,21947257,samba-4.23.5-109.el10_2.src.rpm
samba-common-libs,4.23.5,109.el10_2,x86_64,304989,samba-4.23.5-109.el10_2.src.rpm
libnetapi,4.23.5,109.el10_2,x86_64,498282,samba-4.23.5-109.el10_2.src.rpm
libsmbclient,4.23.5,109.el10_2,x86_64,182168,samba-4.23.5-109.el10_2.src.rpm
samba-libs,4.23.5,109.el10_2,x86_64,464478,samba-4.23.5-109.el10_2.src.rpm
accountsservice,23.13.9,8.el10,x86_64,384306,accountsservice-23.13.9-8.el10.src.rpm
accountsservice-libs,23.13.9,8.el10,x86_64,217272,accountsservice-23.13.9-8.el10.src.rpm
bluez,5.85,1.el10,x86_64,3529505,bluez-5.85-1.el10.src.rpm
logrotate,3.22.0,5.el10,x86_64,156567,logrotate-3.22.0-5.el10.src.rpm
rsyslog,8.2510.0,5.el10,x86_64,2988053,rsyslog-8.2510.0-5.el10.src.rpm
binutils-gold,2.41,63.el10,x86_64,2181443,binutils-2.41-63.el10.src.rpm
binutils,2.41,63.el10,x86_64,27868759,binutils-2.41-63.el10.src.rpm
gcc,14.3.1,4.4.el10,x86_64,114805858,gcc-14.3.1-4.4.el10.src.rpm
device-mapper-event-libs,1.02.210,2.el10,x86_64,58908,lvm2-2.03.36-2.el10.src.rpm
grub2-tools-minimal,2.12,46.el10_2.rocky.0.1,x86_64,3399022,grub2-2.12-46.el10_2.rocky.0.1.src.rpm
audit-rules,4.0.3,5.el10,x86_64,117000,audit-4.0.3-5.el10.src.rpm
audit,4.0.3,5.el10,x86_64,501766,audit-4.0.3-5.el10.src.rpm
bolt,0.9.10,1.el10,x86_64,523668,bolt-0.9.10-1.el10.src.rpm
iputils,20240905,5.el10,x86_64,766754,iputils-20240905-5.el10.src.rpm
iscsi-initiator-utils-iscsiuio,6.2.1.11,1.git4b3e853.el10_2.2,x86_64,171550,iscsi-initiator-utils-6.2.1.11-1.git4b3e853.el10_2.2.src.rpm
iscsi-initiator-utils,6.2.1.11,1.git4b3e853.el10_2.2,x86_64,1461934,iscsi-initiator-utils-6.2.1.11-1.git4b3e853.el10_2.2.src.rpm
openssh,9.9p1,25.el10_2.rocky.0.1,x86_64,1452243,openssh-9.9p1-25.el10_2.rocky.0.1.src.rpm
kpartx,0.9.9,18.el10,x86_64,88323,device-mapper-multipath-0.9.9-18.el10.src.rpm
openssh-clients,9.9p1,25.el10_2.rocky.0.1,x86_64,2769182,openssh-9.9p1-25.el10_2.rocky.0.1.src.rpm
udisks2-iscsi,2.11.0,2.el10_2.1,x86_64,609498,udisks2-2.11.0-2.el10_2.1.src.rpm
device-mapper-event,1.02.210,2.el10,x86_64,60465,lvm2-2.03.36-2.el10.src.rpm
lvm2-libs,2.03.36,2.el10,x86_64,2696369,lvm2-2.03.36-2.el10.src.rpm
lvm2,2.03.36,2.el10,x86_64,3972377,lvm2-2.03.36-2.el10.src.rpm
libblockdev-lvm,3.4.0,2.el10,x86_64,78130,libblockdev-3.4.0-2.el10.src.rpm
udisks2-lvm2,2.11.0,2.el10_2.1,x86_64,663551,udisks2-2.11.0-2.el10_2.1.src.rpm
gcc-c++,14.3.1,4.4.el10,x86_64,43852070,gcc-14.3.1-4.4.el10.src.rpm
libtool,2.4.7,14.el10,x86_64,2775794,libtool-2.4.7-14.el10.src.rpm
samba-dcerpc,4.23.5,109.el10_2,x86_64,3129458,samba-4.23.5-109.el10_2.src.rpm
samba-ldb-ldap-modules,4.23.5,109.el10_2,x86_64,71797,samba-4.23.5-109.el10_2.src.rpm
cups-client,2.4.10,18.el10_2,x86_64,195247,cups-2.4.10-18.el10_2.src.rpm
cups-ipptool,2.4.10,18.el10_2,x86_64,4584430,cups-2.4.10-18.el10_2.src.rpm
freerdp-libs,3.10.3,12.el10_2.8,x86_64,3654001,freerdp-3.10.3-12.el10_2.8.src.rpm
pipewire-jack-audio-connection-kit,1.4.11,1.el10_2,x86_64,30,pipewire-1.4.11-1.el10_2.src.rpm
pipewire-jack-audio-connection-kit-libs,1.4.11,1.el10_2,x86_64,529027,pipewire-1.4.11-1.el10_2.src.rpm
cronie-anacron,1.7.0,14.el10,x86_64,47060,cronie-1.7.0-14.el10.src.rpm
cronie,1.7.0,14.el10,x86_64,318388,cronie-1.7.0-14.el10.src.rpm
mdadm,4.4,3.el10,x86_64,1069072,mdadm-4.4-3.el10.src.rpm
libblockdev-mdraid,3.4.0,2.el10,x86_64,36504,libblockdev-3.4.0-2.el10.src.rpm
flatpak-session-helper,1.16.0,9.el10_2.1,x86_64,105637,flatpak-1.16.0-9.el10_2.1.src.rpm
hypervfcopyd,0,0.50.20220731git.el10,x86_64,20569,hyperv-daemons-0-0.50.20220731git.el10.src.rpm
hypervkvpd,0,0.50.20220731git.el10,x86_64,41135,hyperv-daemons-0-0.50.20220731git.el10.src.rpm
hypervvssd,0,0.50.20220731git.el10,x86_64,16330,hyperv-daemons-0-0.50.20220731git.el10.src.rpm
open-vm-tools,13.0.10,1.el10,x86_64,3191831,open-vm-tools-13.0.10-1.el10.src.rpm
php-fpm,8.3.32,1.el10_2,x86_64,8562194,php-8.3.32-1.el10_2.src.rpm
virt-what,1.27,3.el10,x86_64,77928,virt-what-1.27-3.el10.src.rpm
libblockdev-part,3.4.0,2.el10,x86_64,44436,libblockdev-3.4.0-2.el10.src.rpm
libblockdev-swap,3.4.0,2.el10,x86_64,24084,libblockdev-3.4.0-2.el10.src.rpm
makedumpfile,1.7.8,1.el10,x86_64,838679,makedumpfile-1.7.8-1.el10.src.rpm
device-mapper-multipath-libs,0.9.9,18.el10,x86_64,981065,device-mapper-multipath-0.9.9-18.el10.src.rpm
device-mapper-multipath,0.9.9,18.el10,x86_64,415510,device-mapper-multipath-0.9.9-18.el10.src.rpm
cryptsetup,2.8.1,2.el10,x86_64,776076,cryptsetup-2.8.1-2.el10.src.rpm
libluksmeta,10,1.el10,x86_64,46308,luksmeta-10-1.el10.src.rpm
luksmeta,10,1.el10,x86_64,28214,luksmeta-10-1.el10.src.rpm
flatpak-libs,1.16.0,9.el10_2.1,x86_64,1145690,flatpak-1.16.0-9.el10_2.1.src.rpm
php-nikic-php-parser5,5.8.0,1.el10_2,noarch,1101205,php-nikic-php-parser5-5.8.0-1.el10_2.src.rpm
php-opcache,8.3.32,1.el10_2,x86_64,923592,php-8.3.32-1.el10_2.src.rpm
tpm2-tss-fapi,4.1.3,6.el10,x86_64,955592,tpm2-tss-4.1.3-6.el10.src.rpm
tpm2-tools,5.7,5.el10,x86_64,1581008,tpm2-tools-5.7-5.el10.src.rpm
grubby,8.40,83.el10,x86_64,46509,grubby-8.40-83.el10.src.rpm
systemd-udev,257,23.el10_2.2.rocky.0.1,x86_64,12391249,systemd-257-23.el10_2.2.rocky.0.1.src.rpm
dracut,107,9.el10_2,x86_64,1201415,dracut-107-9.el10_2.src.rpm
grub2-tools,2.12,46.el10_2.rocky.0.1,x86_64,8650108,grub2-2.12-46.el10_2.rocky.0.1.src.rpm
NetworkManager,1.56.0,2.el10_2,x86_64,6266955,NetworkManager-1.56.0-2.el10_2.src.rpm
kernel-modules-core,6.12.0,211.47.1.el10_2,x86_64,29039250,kernel-6.12.0-211.47.1.el10_2.src.rpm
kernel-core,6.12.0,211.47.1.el10_2,x86_64,73193936,kernel-6.12.0-211.47.1.el10_2.src.rpm
kernel-modules,6.12.0,211.47.1.el10_2,x86_64,40892160,kernel-6.12.0-211.47.1.el10_2.src.rpm
kernel-modules-extra,6.12.0,211.47.1.el10_2,x86_64,1466913,kernel-6.12.0-211.47.1.el10_2.src.rpm
plymouth,24.004.60,17.el10,x86_64,358903,plymouth-24.004.60-17.el10.src.rpm
plymouth-scripts,24.004.60,17.el10,x86_64,31234,plymouth-24.004.60-17.el10.src.rpm
clevis,21,9.el10,x86_64,127354,clevis-21-9.el10.src.rpm
clevis-pin-tpm2,0.5.3,9.el10,x86_64,2695889,clevis-pin-tpm2-0.5.3-9.el10.src.rpm
clevis-luks,21,9.el10,x86_64,74718,clevis-21-9.el10.src.rpm
plymouth-plugin-label,24.004.60,17.el10,x86_64,48269,plymouth-24.004.60-17.el10.src.rpm
plymouth-plugin-two-step,24.004.60,17.el10,x86_64,77746,plymouth-24.004.60-17.el10.src.rpm
plymouth-theme-spinner,24.004.60,17.el10,x86_64,190463,plymouth-24.004.60-17.el10.src.rpm
ipset,7.22,12.el10_2,x86_64,77481,ipset-7.22-12.el10_2.src.rpm
iptables-nft,1.8.11,15.el10_2,x86_64,534536,iptables-1.8.11-15.el10_2.src.rpm
NetworkManager-wwan,1.56.0,2.el10_2,x86_64,148474,NetworkManager-1.56.0-2.el10_2.src.rpm
dracut-network,107,9.el10_2,x86_64,116179,dracut-107-9.el10_2.src.rpm
dracut-squash,107,9.el10_2,x86_64,7396,dracut-107-9.el10_2.src.rpm
kdump-utils,1.0.58,15.el10,x86_64,297516,kdump-utils-1.0.58-15.el10.src.rpm
wireless-regdb,2025.10.07,1.el10,noarch,12994,wireless-regdb-2025.10.07-1.el10.src.rpm
ipp-usb,0.9.27,7.el10_2.2,x86_64,7780117,golang-github-openprinting-ipp-usb-0.9.27-7.el10_2.2.src.rpm
libmtp,1.1.19,10.el10,x86_64,478901,libmtp-1.1.19-10.el10.src.rpm
libgphoto2,2.5.30,10.el10,x86_64,6035751,libgphoto2-2.5.30-10.el10.src.rpm
sssd-client,2.12.0,3.el10_2.1,x86_64,366539,sssd-2.12.0-3.el10_2.1.src.rpm
sssd-common,2.12.0,3.el10_2.1,x86_64,5726766,sssd-2.12.0-3.el10_2.1.src.rpm
sssd-krb5-common,2.12.0,3.el10_2.1,x86_64,228337,sssd-2.12.0-3.el10_2.1.src.rpm
sssd-common-pac,2.12.0,3.el10_2.1,x86_64,230232,sssd-2.12.0-3.el10_2.1.src.rpm
sssd-krb5,2.12.0,3.el10_2.1,x86_64,87418,sssd-2.12.0-3.el10_2.1.src.rpm
sssd-ldap,2.12.0,3.el10_2.1,x86_64,159149,sssd-2.12.0-3.el10_2.1.src.rpm
sssd-proxy,2.12.0,3.el10_2.1,x86_64,169597,sssd-2.12.0-3.el10_2.1.src.rpm
sssd-ipa,2.12.0,3.el10_2.1,x86_64,710314,sssd-2.12.0-3.el10_2.1.src.rpm
python3-pip-wheel,23.3.2,11.el10_2,noarch,1600309,python-pip-23.3.2-11.el10_2.src.rpm
python-unversioned-command,3.12.13,2.el10_2.1,noarch,23,python3.12-3.12.13-2.el10_2.1.src.rpm
python3,3.12.13,2.el10_2.1,x86_64,32122,python3.12-3.12.13-2.el10_2.1.src.rpm
python3-libs,3.12.13,2.el10_2.1,x86_64,43694051,python3.12-3.12.13-2.el10_2.1.src.rpm
gstreamer1,1.26.7,5.el10,x86_64,5788562,gstreamer1-1.26.7-5.el10.src.rpm
cockpit-bridge,356.2,1.el10_2.rocky.0.1,noarch,1947383,cockpit-356.2-1.el10_2.rocky.0.1.src.rpm
libwacom,2.14.0,4.el10_1,x86_64,103919,libwacom-2.14.0-4.el10_1.src.rpm
python3-libselinux,3.10,1.el10,x86_64,648252,libselinux-3.10-1.el10.src.rpm
upower-libs,1.90.10,2.el10,x86_64,183046,upower-1.90.10-2.el10.src.rpm
upower,1.90.10,2.el10,x86_64,563328,upower-1.90.10-2.el10.src.rpm
python3-argcomplete,3.2.2,4.el10,noarch,281008,python-argcomplete-3.2.2-4.el10.src.rpm
python3-audit,4.0.3,5.el10,x86_64,251995,audit-4.0.3-5.el10.src.rpm
python3-libsemanage,3.10,1.el10,x86_64,416144,libsemanage-3.10-1.el10.src.rpm
libinput,1.30.1,2.el10_2,x86_64,682664,libinput-1.30.1-2.el10_2.src.rpm
cockpit-packagekit,356.2,1.el10_2.rocky.0.1,noarch,933958,cockpit-356.2-1.el10_2.rocky.0.1.src.rpm
sudo,1.9.17,4.p2.el10_2,x86_64,5496211,sudo-1.9.17-4.p2.el10_2.src.rpm
sudo-python-plugin,1.9.17,4.p2.el10_2,x86_64,114484,sudo-1.9.17-4.p2.el10_2.src.rpm
kernel-tools,6.12.0,211.47.1.el10_2,x86_64,2508371,kernel-6.12.0-211.47.1.el10_2.src.rpm
python3-idna,3.7,6.el10_2,noarch,610405,python-idna-3.7-6.el10_2.src.rpm
python3-libxml2,2.12.5,10.el10_2.2,x86_64,1341289,libxml2-2.12.5-10.el10_2.2.src.rpm
python3-linux-procfs,0.7.4,1.el10,noarch,94099,python-linux-procfs-0.7.4-1.el10.src.rpm
python3-nftables,1.1.5,5.el10_2,x86_64,46323,nftables-1.1.5-5.el10_2.src.rpm
python3-firewall,2.4.3,2.el10_2,noarch,3075953,firewalld-2.4.3-2.el10_2.src.rpm
python3-setools,4.6.0,3.el10,x86_64,3133730,setools-4.6.0-3.el10.src.rpm
samba-common-tools,4.23.5,109.el10_2,x86_64,1462973,samba-4.23.5-109.el10_2.src.rpm
xfsprogs,6.16.0,1.el10,x86_64,4355346,xfsprogs-6.16.0-1.el10.src.rpm
hplip-libs,3.23.12,10.el10_2.5,x86_64,439294,hplip-3.23.12-10.el10_2.5.src.rpm
python3-file-magic,5.45,9.el10,noarch,29812,file-5.45-9.el10.src.rpm
sos,4.11.0,1.el10_2,noarch,4168375,sos-4.11.0-1.el10_2.src.rpm
openssl,3.5.5,6.el10_2,x86_64,1909236,openssl-3.5.5-6.el10_2.src.rpm
nss,3.112.0,8.el10_1,x86_64,1981630,nss-3.112.0-8.el10_1.src.rpm
nss-sysinit,3.112.0,8.el10_1,x86_64,18463,nss-3.112.0-8.el10_1.src.rpm
poppler,24.02.0,7.el10_2.2,x86_64,3623969,poppler-24.02.0-7.el10_2.2.src.rpm
poppler-glib,24.02.0,7.el10_2.2,x86_64,588720,poppler-24.02.0-7.el10_2.2.src.rpm
poppler-cpp,24.02.0,7.el10_2.2,x86_64,133142,poppler-24.02.0-7.el10_2.2.src.rpm
libcupsfilters,2.0.0,11.el10,x86_64,1603078,libcupsfilters-2.0.0-11.el10.src.rpm
cups-filters,2.0.0,11.el10,x86_64,1098761,cups-filters-2.0.0-11.el10.src.rpm
cups-filters-driverless,2.0.0,11.el10,x86_64,50244,cups-filters-2.0.0-11.el10.src.rpm
cups-browsed,2.0.0,9.el10,x86_64,410615,cups-browsed-2.0.0-9.el10.src.rpm
cups,2.4.10,18.el10_2,x86_64,8558907,cups-2.4.10-18.el10_2.src.rpm
pkcs11-provider,1.0,3.el10_0,x86_64,352068,pkcs11-provider-1.0-3.el10_0.src.rpm
wpa_supplicant,2.11,5.el10,x86_64,6726931,wpa_supplicant-2.11-5.el10.src.rpm
NetworkManager-wifi,1.56.0,2.el10_2,x86_64,178744,NetworkManager-1.56.0-2.el10_2.src.rpm
sequoia-sq,1.3.1.1,1.el10,x86_64,20248778,rust-sequoia-sq-1.3.1.1-1.el10.src.rpm
volume_key-libs,0.3.12,26.el10,x86_64,715531,volume_key-0.3.12-26.el10.src.rpm
libblockdev-crypto,3.4.0,2.el10,x86_64,73328,libblockdev-3.4.0-2.el10.src.rpm
udisks2,2.11.0,2.el10_2.1,x86_64,3154629,udisks2-2.11.0-2.el10_2.1.src.rpm
gvfs,1.54.4,4.el10,x86_64,1251617,gvfs-1.54.4-4.el10.src.rpm
fwupd-plugin-flashrom,2.0.19,4.1.el10_2,x86_64,36611,fwupd-2.0.19-4.1.el10_2.src.rpm
fwupd,2.0.19,4.1.el10_2,x86_64,10939361,fwupd-2.0.19-4.1.el10_2.src.rpm
mokutil,0.7.2,4.el10,x86_64,101106,mokutil-0.7.2-4.el10.src.rpm
rpm-sequoia,1.10.1.1,2.el10,x86_64,2680760,rust-rpm-sequoia-1.10.1.1-2.el10.src.rpm
rpm-plugin-audit,4.19.1.1,23.el10,x86_64,16413,rpm-4.19.1.1-23.el10.src.rpm
rpm-libs,4.19.1.1,23.el10,x86_64,743104,rpm-4.19.1.1-23.el10.src.rpm
libsolv,0.7.33,5.el10_2,x86_64,977543,libsolv-0.7.33-5.el10_2.src.rpm
librepo,1.19.0,1.el10,x86_64,233801,librepo-1.19.0-1.el10.src.rpm
libdnf,0.73.1,15.el10_2.rocky.0.1,x86_64,2257270,libdnf-0.73.1-15.el10_2.rocky.0.1.src.rpm
python3-libdnf,0.73.1,15.el10_2.rocky.0.1,x86_64,4082207,libdnf-0.73.1-15.el10_2.rocky.0.1.src.rpm
python3-hawkey,0.73.1,15.el10_2.rocky.0.1,x86_64,317200,libdnf-0.73.1-15.el10_2.rocky.0.1.src.rpm
rpm,4.19.1.1,23.el10,x86_64,3101093,rpm-4.19.1.1-23.el10.src.rpm
policycoreutils,3.10,2.el10_2,x86_64,935041,policycoreutils-3.10-2.el10_2.src.rpm
selinux-policy-targeted-extra,42.1.18,4.el10_2.3,noarch,815698,selinux-policy-42.1.18-4.el10_2.3.src.rpm
selinux-policy,42.1.18,4.el10_2.3,noarch,32606,selinux-policy-42.1.18-4.el10_2.3.src.rpm
selinux-policy-targeted,42.1.18,4.el10_2.3,noarch,18567558,selinux-policy-42.1.18-4.el10_2.3.src.rpm
container-selinux,2.246.0,1.el10,noarch,75703,container-selinux-2.246.0-1.el10.src.rpm
containers-common,5.8,2.el10,noarch,137720,containers-common-5.8-2.el10.src.rpm
passt-selinux,0^20251210.gd04c480,6.el10_2,noarch,299144,passt-0^20251210.gd04c480-6.el10_2.src.rpm
passt,0^20251210.gd04c480,6.el10_2,x86_64,1303570,passt-0^20251210.gd04c480-6.el10_2.src.rpm
containers-common-extra,5.8,2.el10,noarch,0,containers-common-5.8-2.el10.src.rpm
podman,5.8.2,5.el10_2,x86_64,52024050,podman-5.8.2-5.el10_2.src.rpm
adcli-selinux,0.9.3.1,3.el10,noarch,81512,adcli-0.9.3.1-3.el10.src.rpm
adcli,0.9.3.1,3.el10,x86_64,378090,adcli-0.9.3.1-3.el10.src.rpm
sssd-ad,2.12.0,3.el10_2.1,x86_64,434286,sssd-2.12.0-3.el10_2.1.src.rpm
sssd,2.12.0,3.el10_2.1,x86_64,35147,sssd-2.12.0-3.el10_2.1.src.rpm
authselect,1.5.2,1.el10,x86_64,222264,authselect-1.5.2-1.el10.src.rpm
cockpit-ws-selinux,356.2,1.el10_2.rocky.0.1,x86_64,45766,cockpit-356.2-1.el10_2.rocky.0.1.src.rpm
cockpit-ws,356.2,1.el10_2.rocky.0.1,x86_64,1960805,cockpit-356.2-1.el10_2.rocky.0.1.src.rpm
smartmontools-selinux,7.4,9.el10,noarch,33914,smartmontools-7.4-9.el10.src.rpm
selinux-policy-extra,42.1.18,4.el10_2.3,noarch,0,selinux-policy-42.1.18-4.el10_2.3.src.rpm
python3-policycoreutils,3.10,2.el10_2,noarch,6096204,policycoreutils-3.10-2.el10_2.src.rpm
policycoreutils-python-utils,3.10,2.el10_2,noarch,96720,policycoreutils-3.10-2.el10_2.src.rpm
flatpak-selinux,1.16.0,9.el10_2.1,noarch,12984,flatpak-1.16.0-9.el10_2.1.src.rpm
rpm-build-libs,4.19.1.1,23.el10,x86_64,198960,rpm-4.19.1.1-23.el10.src.rpm
rpm-sign-libs,4.19.1.1,23.el10,x86_64,32070,rpm-4.19.1.1-23.el10.src.rpm
python3-rpm,4.19.1.1,23.el10,x86_64,175474,rpm-4.19.1.1-23.el10.src.rpm
setroubleshoot-server,3.3.35,4.el10,x86_64,1503479,setroubleshoot-3.3.35-4.el10.src.rpm
cockpit-system,356.2,1.el10_2.rocky.0.1,noarch,5349004,cockpit-356.2-1.el10_2.rocky.0.1.src.rpm
cockpit-storaged,356.2,1.el10_2.rocky.0.1,noarch,871708,cockpit-356.2-1.el10_2.rocky.0.1.src.rpm
rpm-plugin-systemd-inhibit,4.19.1.1,23.el10,x86_64,16555,rpm-4.19.1.1-23.el10.src.rpm
python3-dnf,4.20.0,22.el10_2.rocky.0.1,noarch,2808077,dnf-4.20.0-22.el10_2.rocky.0.1.src.rpm
dnf,4.20.0,22.el10_2.rocky.0.1,noarch,2639324,dnf-4.20.0-22.el10_2.rocky.0.1.src.rpm
kpatch-dnf,0.9.7_0.5,5.el10,noarch,30099,kpatch-0.9.7-5.el10.src.rpm
python3-dnf-plugins-core,4.7.0,10.el10,noarch,1239974,dnf-plugins-core-4.7.0-10.el10.src.rpm
dnf-plugins-core,4.7.0,10.el10,noarch,22682,dnf-plugins-core-4.7.0-10.el10.src.rpm
apr-util-lmdb,1.6.3,23.el10_1,x86_64,15475,apr-util-1.6.3-23.el10_1.src.rpm
apr-util,1.6.3,23.el10_1,x86_64,225647,apr-util-1.6.3-23.el10_1.src.rpm
apr-util-openssl,1.6.3,23.el10_1,x86_64,23967,apr-util-1.6.3-23.el10_1.src.rpm
httpd-tools,2.4.63,13.el10_2.5,x86_64,203601,httpd-2.4.63-13.el10_2.5.src.rpm
httpd-core,2.4.63,13.el10_2.5,x86_64,4898467,httpd-2.4.63-13.el10_2.5.src.rpm
mod_http2,2.0.29,4.el10_2.2,x86_64,446224,mod_http2-2.0.29-4.el10_2.2.src.rpm
mod_lua,2.4.63,13.el10_2.5,x86_64,141295,httpd-2.4.63-13.el10_2.5.src.rpm
httpd,2.4.63,13.el10_2.5,x86_64,57813,httpd-2.4.63-13.el10_2.5.src.rpm
nmap-ncat,7.92,5.el10,x86_64,480635,nmap-7.92-5.el10.src.rpm
openssl-devel,3.5.5,6.el10_2,x86_64,4648897,openssl-3.5.5-6.el10_2.src.rpm
llvm-filesystem,21.1.8,1.el10,x86_64,0,llvm-21.1.8-1.el10.src.rpm
llvm-libs,21.1.8,1.el10,x86_64,125404999,llvm-21.1.8-1.el10.src.rpm
mesa-libgbm,25.2.7,4.el10.rocky.0.1,x86_64,24228,mesa-25.2.7-4.el10.rocky.0.1.src.rpm
mesa-dri-drivers,25.2.7,4.el10.rocky.0.1,x86_64,44837258,mesa-25.2.7-4.el10.rocky.0.1.src.rpm
gstreamer1-plugins-base,1.26.7,2.el10_2,x86_64,7854065,gstreamer1-plugins-base-1.26.7-2.el10_2.src.rpm
xdg-desktop-portal,1.20.0,2.el10,x86_64,1994574,xdg-desktop-portal-1.20.0-2.el10.src.rpm
tracker-miners,3.7.4,1.el10,x86_64,4388417,tracker-miners-3.7.4-1.el10.src.rpm
ibus-gtk3,1.5.32,1.el10,x86_64,40920,ibus-1.5.32-1.el10.src.rpm
gtk3,3.24.43,5.el10,x86_64,23388250,gtk3-3.24.43-5.el10.src.rpm
xdg-desktop-portal-gtk,1.15.3,1.el10,x86_64,488023,xdg-desktop-portal-gtk-1.15.3-1.el10.src.rpm
gnome-desktop3,44.1,5.el10_2,x86_64,3127336,gnome-desktop3-44.1-5.el10_2.src.rpm
gnome-settings-daemon,47.2,10.el10_2.rocky.0.2,x86_64,6358607,gnome-settings-daemon-47.2-10.el10_2.rocky.0.2.src.rpm
gnome-session,46.0,11.el10,x86_64,1577280,gnome-session-46.0-11.el10.src.rpm
ibus-setup,1.5.32,1.el10,noarch,335313,ibus-1.5.32-1.el10.src.rpm
ibus,1.5.32,1.el10,x86_64,140415484,ibus-1.5.32-1.el10.src.rpm
vte291,0.78.6,1.el10,x86_64,985361,vte291-0.78.6-1.el10.src.rpm
flatpak,1.16.0,9.el10_2.1,x86_64,6830231,flatpak-1.16.0-9.el10_2.1.src.rpm
pipewire-gstreamer,1.4.11,1.el10_2,x86_64,173349,pipewire-1.4.11-1.el10_2.src.rpm
xorg-x11-server-Xwayland,24.1.9,4.el10_2.3,x86_64,2374360,xorg-x11-server-Xwayland-24.1.9-4.el10_2.3.src.rpm
vulkan-loader,1.4.328.1,1.el10,x86_64,570282,vulkan-loader-1.4.328.1-1.el10.src.rpm
mesa-vulkan-drivers,25.2.7,4.el10.rocky.0.1,x86_64,126979010,mesa-25.2.7-4.el10.rocky.0.1.src.rpm
gtk4,4.16.7,4.el10,x86_64,25779326,gtk4-4.16.7-4.el10.src.rpm
libadwaita,1.6.10,1.el10,x86_64,2922380,libadwaita-1.6.10-1.el10.src.rpm
gnome-desktop4,44.1,5.el10_2,x86_64,516451,gnome-desktop3-44.1-5.el10_2.src.rpm
xdg-desktop-portal-gnome,47.3,1.el10,x86_64,885095,xdg-desktop-portal-gnome-47.3-1.el10.src.rpm
gvfs-goa,1.54.4,4.el10,x86_64,104140,gvfs-1.54.4-4.el10.src.rpm
gnome-online-accounts,3.52.8,1.el10,x86_64,2297761,gnome-online-accounts-3.52.8-1.el10.src.rpm
libportal-gtk4,0.9.0,3.el10,x86_64,32632,libportal-0.9.0-3.el10.src.rpm
libspelling,0.4.8,1.el10,x86_64,251999,libspelling-0.4.8-1.el10.src.rpm
papers-libs,48.7,3.el10,x86_64,856029,papers-48.7-3.el10.src.rpm
papers-previewer,48.7,3.el10,x86_64,56852,papers-48.7-3.el10.src.rpm
papers-thumbnailer,48.7,3.el10,x86_64,25038,papers-48.7-3.el10.src.rpm
nautilus,47.6,2.el10,x86_64,14243296,nautilus-47.6-2.el10.src.rpm
papers-nautilus,48.7,3.el10,x86_64,19932,papers-48.7-3.el10.src.rpm
mutter,49.4,4.el10_2,x86_64,13817736,mutter-49.4-4.el10_2.src.rpm
gnome-software-fedora-langpacks,47.5,2.el10,x86_64,44520,gnome-software-47.5-2.el10.src.rpm
gnome-software,47.5,2.el10,x86_64,10129550,gnome-software-47.5-2.el10.src.rpm
vte291-gtk4,0.78.6,1.el10,x86_64,803331,vte291-0.78.6-1.el10.src.rpm
gnome-remote-desktop,49.3,4.el10_2,x86_64,1976529,gnome-remote-desktop-49.3-4.el10_2.src.rpm
python3-perf,6.12.0,211.47.1.el10_2,x86_64,9999164,kernel-6.12.0-211.47.1.el10_2.src.rpm
tuned,2.27.0,2.el10_2,noarch,1635736,tuned-2.27.0-2.el10_2.src.rpm
tuned-ppd,2.27.0,2.el10_2,noarch,7123,tuned-2.27.0-2.el10_2.src.rpm
gnome-control-center,47.7,7.el10,x86_64,23900530,gnome-control-center-47.7-7.el10.src.rpm
gdm,47.0,22.el10_2,x86_64,5142425,gdm-47.0-22.el10_2.src.rpm
gnome-shell,49.4,8.el10_2.rocky.0.2,x86_64,15019066,gnome-shell-49.4-8.el10_2.rocky.0.2.src.rpm
gnome-session-wayland-session,46.0,11.el10,x86_64,16296,gnome-session-46.0-11.el10.src.rpm
gnome-shell-extension-background-logo,49.0,1.el10,noarch,59971,gnome-shell-extension-background-logo-49.0-1.el10.src.rpm
gnome-initial-setup,46.7,3.el10.rocky.0.1,x86_64,1872924,gnome-initial-setup-46.7-3.el10.rocky.0.1.src.rpm
ptyxis,47.13,1.el10,x86_64,1678033,ptyxis-47.13-1.el10.src.rpm
papers,48.7,3.el10,x86_64,15919819,papers-48.7-3.el10.src.rpm
gnome-text-editor,47.4,2.el10,x86_64,2196641,gnome-text-editor-47.4-2.el10.src.rpm
gnome-calculator,46.3,1.el10,x86_64,7202852,gnome-calculator-46.3-1.el10.src.rpm
gnome-settings-daemon-server-defaults,47.2,10.el10_2.rocky.0.2,x86_64,141,gnome-settings-daemon-47.2-10.el10_2.rocky.0.2.src.rpm
firefox,140.13.0,1.el10_2,x86_64,329743847,firefox-140.13.0-1.el10_2.src.rpm
open-vm-tools-desktop,13.0.10,1.el10,x86_64,9700740,open-vm-tools-13.0.10-1.el10.src.rpm
mesa-libEGL,25.2.7,4.el10.rocky.0.1,x86_64,321959,mesa-25.2.7-4.el10.rocky.0.1.src.rpm
mesa-libGL,25.2.7,4.el10.rocky.0.1,x86_64,301057,mesa-25.2.7-4.el10.rocky.0.1.src.rpm
bpftool,7.7.0,2.el10,x86_64,744972,bpftool-7.7.0-2.el10.src.rpm
php-devel,8.3.32,1.el10_2,x86_64,6236133,php-8.3.32-1.el10_2.src.rpm
nmap,7.92,5.el10,x86_64,24896631,nmap-7.92-5.el10.src.rpm
php,8.3.32,1.el10_2,x86_64,0,php-8.3.32-1.el10_2.src.rpm
mod_ssl,2.4.63,13.el10_2.5,x86_64,266614,httpd-2.4.63-13.el10_2.5.src.rpm
epel-release,10,8.el10_2,noarch,25990,epel-release-10-8.el10_2.src.rpm
yum-utils,4.7.0,10.el10,noarch,21917,dnf-plugins-core-4.7.0-10.el10.src.rpm
kpatch,0.9.7,5.el10,noarch,17962,kpatch-0.9.7-5.el10.src.rpm
yum,4.20.0,22.el10_2.rocky.0.1,noarch,81183,dnf-4.20.0-22.el10_2.rocky.0.1.src.rpm
cockpit,356.2,1.el10_2.rocky.0.1,x86_64,36636,cockpit-356.2-1.el10_2.rocky.0.1.src.rpm
smartmontools,7.4,9.el10,x86_64,2311128,smartmontools-7.4-9.el10.src.rpm
realmd,0.17.1,13.el10,x86_64,857577,realmd-0.17.1-13.el10.src.rpm
cockpit-podman,121,1.el10,noarch,626634,cockpit-podman-121-1.el10.src.rpm
buildah,1.43.1,4.el10_2,x86_64,33765245,buildah-1.43.1-4.el10_2.src.rpm
rpm-plugin-selinux,4.19.1.1,23.el10,x86_64,16309,rpm-4.19.1.1-23.el10.src.rpm
shim-x64,16.1,2.el10,x86_64,5121926,shim-16.1-2.el10.src.rpm
gvfs-fuse,1.54.4,4.el10,x86_64,51033,gvfs-1.54.4-4.el10.src.rpm
gvfs-gphoto2,1.54.4,4.el10,x86_64,174023,gvfs-1.54.4-4.el10.src.rpm
gvfs-mtp,1.54.4,4.el10,x86_64,173908,gvfs-1.54.4-4.el10.src.rpm
gvfs-smb,1.54.4,4.el10,x86_64,102812,gvfs-1.54.4-4.el10.src.rpm
poppler-utils,24.02.0,7.el10_2.2,x86_64,792208,poppler-24.02.0-7.el10_2.2.src.rpm
libsane-hpaio,3.23.12,10.el10_2.5,x86_64,185723,hplip-3.23.12-10.el10_2.5.src.rpm
samba,4.23.5,109.el10_2,x86_64,2933151,samba-4.23.5-109.el10_2.src.rpm
firewalld,2.4.3,2.el10_2,noarch,2199076,firewalld-2.4.3-2.el10_2.src.rpm
python3-urllib3,1.26.19,4.el10_2,noarch,1052083,python-urllib3-1.26.19-4.el10_2.src.rpm
vim-enhanced,9.1.083,9.el10_2.12,x86_64,4153363,vim-9.1.083-9.el10_2.12.src.rpm
crypto-policies-scripts,20260216,1.git0e54016.el10,noarch,386773,crypto-policies-20260216-1.git0e54016.el10.src.rpm
python3-charset-normalizer,3.4.2,1.el10,noarch,337674,python-charset-normalizer-3.4.2-1.el10.src.rpm
usbutils,018,1.el10,x86_64,320956,usbutils-018-1.el10.src.rpm
orca,48.9,1.el10,noarch,19668713,orca-48.9-1.el10.src.rpm
sssd-kcm,2.12.0,3.el10_2.1,x86_64,235407,sssd-2.12.0-3.el10_2.1.src.rpm
NetworkManager-bluetooth,1.56.0,2.el10_2,x86_64,111741,NetworkManager-1.56.0-2.el10_2.src.rpm
plymouth-system-theme,24.004.60,17.el10,x86_64,0,plymouth-24.004.60-17.el10.src.rpm
kernel,6.12.0,211.47.1.el10_2,x86_64,0,kernel-6.12.0-211.47.1.el10_2.src.rpm
NetworkManager-adsl,1.56.0,2.el10_2,x86_64,40880,NetworkManager-1.56.0-2.el10_2.src.rpm
NetworkManager-tui,1.56.0,2.el10_2,x86_64,750063,NetworkManager-1.56.0-2.el10_2.src.rpm
grub2-efi-x64,2.12,46.el10_2.rocky.0.1,x86_64,6596626,grub2-2.12-46.el10_2.rocky.0.1.src.rpm
dracut-config-rescue,107,9.el10_2,x86_64,4990,dracut-107-9.el10_2.src.rpm
hyperv-daemons,0,0.50.20220731git.el10,x86_64,0,hyperv-daemons-0-0.50.20220731git.el10.src.rpm
git-core,2.52.0,1.el10,x86_64,25125233,git-2.52.0-1.el10.src.rpm
openssh-server,9.9p1,25.el10_2.rocky.0.1,x86_64,1506270,openssh-9.9p1-25.el10_2.rocky.0.1.src.rpm
grub2-tools-extra,2.12,46.el10_2.rocky.0.1,x86_64,5539893,grub2-2.12-46.el10_2.rocky.0.1.src.rpm
rsyslog-gnutls,8.2510.0,5.el10,x86_64,54123,rsyslog-8.2510.0-5.el10.src.rpm
rsyslog-gssapi,8.2510.0,5.el10,x86_64,58220,rsyslog-8.2510.0-5.el10.src.rpm
rsyslog-relp,8.2510.0,5.el10,x86_64,66878,rsyslog-8.2510.0-5.el10.src.rpm
bluez-obexd,5.85,1.el10,x86_64,371454,bluez-5.85-1.el10.src.rpm
pipewire-alsa,1.4.11,1.el10_2,x86_64,161654,pipewire-1.4.11-1.el10_2.src.rpm
pipewire-pulseaudio,1.4.11,1.el10_2,x86_64,459053,pipewire-1.4.11-1.el10_2.src.rpm
pipewire-utils,1.4.11,1.el10_2,x86_64,1527232,pipewire-1.4.11-1.el10_2.src.rpm
at,3.2.5,14.el10,x86_64,128932,at-3.2.5-14.el10.src.rpm
chrony,4.8,2.el10,x86_64,704764,chrony-4.8-2.el10.src.rpm
microcode_ctl,20260512,1.1.el10_2,noarch,19225223,microcode_ctl-20260512-1.1.el10_2.src.rpm
psacct,6.6.4,26.el10,x86_64,220724,psacct-6.6.4-26.el10.src.rpm
alsa-utils,1.2.15.2,1.el10,x86_64,2479449,alsa-utils-1.2.15.2-1.el10.src.rpm
dnsmasq,2.90,7.el10_2,x86_64,794823,dnsmasq-2.90-7.el10_2.src.rpm
qemu-guest-agent,10.1.0,16.el10_2.2,x86_64,1849834,qemu-kvm-10.1.0-16.el10_2.2.src.rpm
nvme-cli,2.16,2.el10,x86_64,7281669,nvme-cli-2.16-2.el10.src.rpm
strace,6.12,3.el10,x86_64,2674211,strace-6.12-3.el10.src.rpm
composer,2.10.2,1.el10_2,noarch,6249242,composer-2.10.2-1.el10_2.src.rpm
pie,1.4.8,1.el10_2,noarch,19379917,pie-1.4.8-1.el10_2.src.rpm
php-mysqlnd,8.3.32,1.el10_2,x86_64,387139,php-8.3.32-1.el10_2.src.rpm
php-bcmath,8.3.32,1.el10_2,x86_64,67605,php-8.3.32-1.el10_2.src.rpm
php-gd,8.3.32,1.el10_2,x86_64,103769,php-8.3.32-1.el10_2.src.rpm
php-gmp,8.3.32,1.el10_2,x86_64,70228,php-8.3.32-1.el10_2.src.rpm
rocky-backgrounds,100.5,3.el10,noarch,64736556,rocky-logos-100.5-3.el10.src.rpm
man-db,2.12.0,10.el10,x86_64,2838962,man-db-2.12.0-10.el10.src.rpm
rsync,3.4.4,1.el10_2,x86_64,802100,rsync-3.4.4-1.el10_2.src.rpm
libfprint,1.94.9,3.el10,x86_64,867326,libfprint-1.94.9-3.el10.src.rpm
perl-Net-SSLeay,1.94,8.el10,x86_64,1412004,perl-Net-SSLeay-1.94-8.el10.src.rpm
irqbalance,1.9.4,6.el10,x86_64,94617,irqbalance-1.9.4-6.el10.src.rpm
ncurses,6.4,15.20240127.el10_1,x86_64,638762,ncurses-6.4-15.20240127.el10_1.src.rpm
vim-minimal,9.1.083,9.el10_2.12,x86_64,1698358,vim-9.1.083-9.el10_2.12.src.rpm
quota,4.09,10.el10,x86_64,711781,quota-4.09-10.el10.src.rpm
xdg-user-dirs,0.18,7.el10,x86_64,174734,xdg-user-dirs-0.18-7.el10.src.rpm
zip,3.0,45.el10,x86_64,730233,zip-3.0-45.el10.src.rpm
ImageMagick-devel,7.1.1.47,1.el10_1,x86_64,503446,ImageMagick-7.1.1.47-1.el10_1.src.rpm
perl-DBI,1.643,26.el10_2.3,x86_64,1926257,perl-DBI-1.643-26.el10_2.3.src.rpm
perl-Math-Complex,1.62,514.el10,noarch,86995,perl-5.40.2-514.el10.src.rpm
perl-B,1.89,514.el10,x86_64,509884,perl-5.40.2-514.el10.src.rpm
perl-File-Path,2.18,512.el10,noarch,65002,perl-File-Path-2.18-512.el10.src.rpm
perl-Getopt-Std,1.14,514.el10,noarch,11449,perl-5.40.2-514.el10.src.rpm
libqmi-utils,1.34.0,9.el10,x86_64,863944,libqmi-1.34.0-9.el10.src.rpm
ledmon,1.1.0,2.el10,x86_64,224875,ledmon-1.1.0-2.el10.src.rpm
sg3_utils,1.48,7.el10_2.1,x86_64,3233028,sg3_utils-1.48-7.el10_2.1.src.rpm
ledmon-libs,1.1.0,2.el10,x86_64,82532,ledmon-1.1.0-2.el10.src.rpm
iproute-tc,6.17.0,2.el10,x86_64,937881,iproute-6.17.0-2.el10.src.rpm
libmbim-utils,1.32.0,1.el10,x86_64,332953,libmbim-1.32.0-1.el10.src.rpm
p11-kit-client,0.26.4,1.el10_2,x86_64,1363385,p11-kit-0.26.4-1.el10_2.src.rpm
cyrus-sasl-plain,2.1.28,30.el10_2,x86_64,48622,cyrus-sasl-2.1.28-30.el10_2.src.rpm
dbus-broker,36,4.el10,x86_64,395678,dbus-broker-36-4.el10.src.rpm
lshw,B.02.20,9.el10,x86_64,893668,lshw-B.02.20-9.el10.src.rpm
libatomic,14.3.1,4.4.el10,x86_64,37586,gcc-14.3.1-4.4.el10.src.rpm
libibverbs,61.0,1.el10,x86_64,1352266,rdma-core-61.0-1.el10.src.rpm
libsysfs,2.1.1,15.el10,x86_64,75916,sysfsutils-2.1.1-15.el10.src.rpm
osinfo-db,20250606,2.el10.rocky.20260312,noarch,4458886,osinfo-db-20250606-2.el10.rocky.20260312.src.rpm
iwlwifi-dvm-firmware,20260707,23.1.el10_2,noarch,1908317,linux-firmware-20260707-23.1.el10_2.src.rpm
iwlwifi-mvm-firmware,20260707,23.1.el10_2,noarch,86913546,linux-firmware-20260707-23.1.el10_2.src.rpm
libertas-firmware,20260707,23.1.el10_2,noarch,1360954,linux-firmware-20260707-23.1.el10_2.src.rpm
netronome-firmware,20260707,23.1.el10_2,noarch,4665099,linux-firmware-20260707-23.1.el10_2.src.rpm
redhat-display-vf-fonts,4.1.0,1.el10,noarch,466075,redhat-fonts-4.1.0-1.el10.src.rpm
rootfiles,8.1,54.el10,noarch,1216,rootfiles-8.1-54.el10.src.rpm
man-pages,6.06,13.el10_2,noarch,2947237,man-pages-6.06-13.el10_2.src.rpm
NetworkManager-config-server,1.56.0,2.el10_2,noarch,463,NetworkManager-1.56.0-2.el10_2.src.rpm
python3-pip,23.3.2,11.el10_2,noarch,14858793,python-pip-23.3.2-11.el10_2.src.rpm
gstreamer1-plugins-bad-free-libs,1.26.7,2.el10_2.7,x86_64,3345611,gstreamer1-plugins-bad-free-1.26.7-2.el10_2.7.src.rpm
bind-license,9.18.33,15.el10_2.10,noarch,19672,bind-9.18.33-15.el10_2.10.src.rpm
bind-libs,9.18.33,15.el10_2.10,x86_64,3781839,bind-9.18.33-15.el10_2.10.src.rpm
bind-utils,9.18.33,15.el10_2.10,x86_64,700738,bind-9.18.33-15.el10_2.10.src.rpm
gstreamer1-plugins-bad-free,1.26.7,2.el10_2.7,x86_64,9365926,gstreamer1-plugins-bad-free-1.26.7-2.el10_2.7.src.rpm
libXfont2,2.0.6,5.el10_2.3,x86_64,336928,libXfont2-2.0.6-5.el10_2.3.src.rpm
gstreamer1-plugins-ugly-free,1.26.7,2.el10_2.2,x86_64,719330,gstreamer1-plugins-ugly-free-1.26.7-2.el10_2.2.src.rpm
gstreamer1-plugins-good,1.26.7,2.el10_2.5,x86_64,8019226,gstreamer1-plugins-good-1.26.7-2.el10_2.5.src.rpm
elinks,0.20.0,1.el10_2,x86_64,3326675,elinks-0.20.0-1.el10_2.src.rpm
